feb2013-10-10, 49
feb2013-10-11, 49
feb2013-10-12, 49
feb2013-10-13, 49
feb2013-10-14, 49
feb2013-10-15, 49
feb2013-10-16, 49
feb2013-10-17, 49
feb2013-10-18, 49
feb2013-10-19, 49
feb2013-10-1, 49
feb2013-10-20, 49
feb2013-10-21, 49
feb2013-10-22, 49
feb2013-10-23, 49
feb2013-10-24, 49
feb2013-10-25, 49
feb2013-10-26, 49
feb2013-10-27, 49
feb2013-10-28, 49
feb2013-10-29, 49
feb2013-10-2, 49
feb2013-10-30, 49
feb2013-10-31, 49
feb2013-10-32, 49
feb2013-10-33, 49
feb2013-10-34, 49
feb2013-10-35, 49
feb2013-10-36, 49
feb2013-10-37, 49
feb2013-10-38, 49
feb2013-10-39, 49
feb2013-10-3, 49
feb2013-10-40, 49
feb2013-10-41, 49
feb2013-10-42, 49
feb2013-10-43, 49
feb2013-10-44, 49
feb2013-10-45, 49
feb2013-10-46, 49
feb2013-10-47, 49
feb2013-10-48, 49
feb2013-10-49, 49
feb2013-10-4, 49
feb2013-10-5, 49
feb2013-10-6, 49
feb2013-10-7, 49
feb2013-10-8, 49
feb2013-10-9, 49
feb2013-1-10, 49
feb2013-11-10, 49
feb2013-11-11, 49
feb2013-11-12, 49
feb2013-11-13, 49
feb2013-11-14, 49
feb2013-11-15, 49
feb2013-11-16, 49
feb2013-11-17, 49
feb2013-11-18, 49
feb2013-11-19, 49
feb2013-1-11, 49
feb2013-11-1, 49
feb2013-11-20, 49
feb2013-11-21, 49
feb2013-11-22, 49
feb2013-11-23, 49
feb2013-11-24, 49
feb2013-11-25, 49
feb2013-11-26, 49
feb2013-11-27, 49
feb2013-11-28, 49
feb2013-11-29, 49
feb2013-1-12, 49
feb2013-11-2, 49
feb2013-11-30, 49
feb2013-11-31, 49
feb2013-11-32, 49
feb2013-11-33, 49
feb2013-11-34, 49
feb2013-11-35, 49
feb2013-11-36, 49
feb2013-11-37, 49
feb2013-11-38, 49
feb2013-11-39, 49
feb2013-1-13, 49
feb2013-11-3, 49
feb2013-11-40, 49
feb2013-11-41, 49
feb2013-11-42, 49
feb2013-11-43, 49
feb2013-11-44, 49
feb2013-11-45, 49
feb2013-11-46, 49
feb2013-11-47, 49
feb2013-11-48, 49
feb2013-11-49, 49
feb2013-1-14, 49
feb2013-11-4, 49
feb2013-1-15, 49
feb2013-11-5, 49
feb2013-1-16, 49
feb2013-11-6, 49
feb2013-1-17, 49
feb2013-11-7, 49
feb2013-1-18, 49
feb2013-11-8, 49
feb2013-1-19, 49
feb2013-11-9, 49
feb2013-1-1, 49
feb2013-1-20, 49
feb2013-12-10, 49
feb2013-12-11, 49
feb2013-12-12, 49
feb2013-12-13, 49
feb2013-12-14, 49
feb2013-12-15, 49
feb2013-12-16, 49
feb2013-12-17, 49
feb2013-12-18, 49
feb2013-12-19, 49
feb2013-1-21, 49
feb2013-12-1, 49
feb2013-12-20, 49
feb2013-12-21, 49
feb2013-12-22, 49
feb2013-12-23, 49
feb2013-12-24, 49
feb2013-12-25, 49
feb2013-12-26, 49
feb2013-12-27, 49
feb2013-12-28, 49
feb2013-12-29, 49
feb2013-1-22, 49
feb2013-12-2, 49
feb2013-12-30, 49
feb2013-12-31, 49
feb2013-12-32, 49
feb2013-12-33, 49
feb2013-12-34, 49
feb2013-12-35, 49
feb2013-12-36, 49
feb2013-12-37, 49
feb2013-12-38, 49
feb2013-12-39, 49
feb2013-1-23, 49
feb2013-12-3, 49
feb2013-12-40, 49
feb2013-12-41, 49
feb2013-12-42, 49
feb2013-12-43, 49
feb2013-12-44, 49
feb2013-12-45, 49
feb2013-12-46, 49
feb2013-12-47, 49
feb2013-12-48, 49
feb2013-12-49, 49
feb2013-1-24, 49
feb2013-12-4, 49
feb2013-1-25, 49
feb2013-12-5, 49
feb2013-1-26, 49
feb2013-12-6, 49
feb2013-1-27, 49
feb2013-12-7, 49
feb2013-1-28, 49
feb2013-12-8, 49
feb2013-1-29, 49
feb2013-12-9, 49
feb2013-1-2, 49
feb2013-1-30, 49
feb2013-13-10, 49
feb2013-13-11, 49
feb2013-13-12, 49
feb2013-13-13, 49
feb2013-13-14, 49
feb2013-13-15, 49
feb2013-13-16, 49
feb2013-13-17, 49
feb2013-13-18, 49
feb2013-13-19, 49
feb2013-1-31, 49
feb2013-13-1, 49
feb2013-13-20, 49
feb2013-13-21, 49
feb2013-13-22, 49
feb2013-13-23, 49
feb2013-13-24, 49
feb2013-13-25, 49
feb2013-13-26, 49
feb2013-13-27, 49
feb2013-13-28, 49
feb2013-13-29, 49
feb2013-1-32, 49
feb2013-13-2, 49
feb2013-13-30, 49
feb2013-13-31, 49
feb2013-13-32, 49
feb2013-13-33, 49
feb2013-13-34, 49
feb2013-13-35, 49
feb2013-13-36, 49
feb2013-13-37, 49
feb2013-13-38, 49
feb2013-13-39, 49
feb2013-1-33, 49
feb2013-13-3, 49
feb2013-13-40, 49
feb2013-13-41, 49
feb2013-13-42, 49
feb2013-13-43, 49
feb2013-13-44, 49
feb2013-13-45, 49
feb2013-13-46, 49
feb2013-13-47, 49
feb2013-13-48, 49
feb2013-13-49, 49
feb2013-1-34, 49
feb2013-13-4, 49
feb2013-1-35, 49
feb2013-13-5, 49
feb2013-1-36, 49
feb2013-13-6, 49
feb2013-1-37, 49
feb2013-13-7, 49
feb2013-1-38, 49
feb2013-13-8, 49
feb2013-1-39, 49
feb2013-13-9, 49
feb2013-1-3, 49
feb2013-1-40, 49
feb2013-14-10, 49
feb2013-14-11, 49
feb2013-14-12, 49
feb2013-14-13, 49
feb2013-14-14, 49
feb2013-14-15, 49
feb2013-14-16, 49
feb2013-14-17, 49
feb2013-14-18, 49
feb2013-14-19, 49
feb2013-1-41, 49
feb2013-14-1, 49
feb2013-14-20, 49
feb2013-14-21, 49
feb2013-14-22, 49
feb2013-14-23, 49
feb2013-14-24, 49
feb2013-14-25, 49
feb2013-14-26, 49
feb2013-14-27, 49
feb2013-14-28, 49
feb2013-14-29, 49
feb2013-1-42, 49
feb2013-14-2, 49
feb2013-14-30, 49
feb2013-14-31, 49
feb2013-14-32, 49
feb2013-14-33, 49
feb2013-14-34, 49
feb2013-14-35, 49
feb2013-14-36, 49
feb2013-14-37, 49
feb2013-14-38, 49
feb2013-14-39, 49
feb2013-1-43, 49
feb2013-14-3, 49
feb2013-14-40, 49
feb2013-14-41, 49
feb2013-14-42, 49
feb2013-14-43, 49
feb2013-14-44, 49
feb2013-14-45, 49
feb2013-14-46, 49
feb2013-14-47, 49
feb2013-14-48, 49
feb2013-14-49, 49
feb2013-1-44, 49
feb2013-14-4, 49
feb2013-1-45, 49
feb2013-14-5, 49
feb2013-1-46, 49
feb2013-14-6, 49
feb2013-1-47, 49
feb2013-14-7, 49
feb2013-1-48, 49
feb2013-14-8, 49
feb2013-1-49, 49
feb2013-14-9, 49
feb2013-1-4, 49
feb2013-15-10, 49
feb2013-15-11, 49
feb2013-15-12, 49
feb2013-15-13, 49
feb2013-15-14, 49
feb2013-15-15, 49
feb2013-15-16, 49
feb2013-15-17, 49
feb2013-15-18, 49
feb2013-15-19, 49
feb2013-15-1, 49
feb2013-15-20, 49
feb2013-15-21, 49
feb2013-15-22, 49
feb2013-15-23, 49
feb2013-15-24, 49
feb2013-15-25, 49
feb2013-15-26, 49
feb2013-15-27, 49
feb2013-15-28, 49
feb2013-15-29, 49
feb2013-15-2, 49
feb2013-15-30, 49
feb2013-15-31, 49
feb2013-15-32, 49
feb2013-15-33, 49
feb2013-15-34, 49
feb2013-15-35, 49
feb2013-15-36, 49
feb2013-15-37, 49
feb2013-15-38, 49
feb2013-15-39, 49
feb2013-15-3, 49
feb2013-15-40, 49
feb2013-15-41, 49
feb2013-15-42, 49
feb2013-15-43, 49
feb2013-15-44, 49
feb2013-15-45, 49
feb2013-15-46, 49
feb2013-15-47, 49
feb2013-15-48, 49
feb2013-15-49, 49
feb2013-15-4, 49
feb2013-15-5, 49
feb2013-15-6, 49
feb2013-15-7, 49
feb2013-15-8, 49
feb2013-15-9, 49
feb2013-1-5, 49
feb2013-16-10, 49
feb2013-16-11, 49
feb2013-16-12, 49
feb2013-16-13, 49
feb2013-16-14, 49
feb2013-16-15, 49
feb2013-16-16, 49
feb2013-16-17, 49
feb2013-16-18, 49
feb2013-16-19, 49
feb2013-16-1, 49
feb2013-16-20, 49
feb2013-16-21, 49
feb2013-16-22, 49
feb2013-16-23, 49
feb2013-16-24, 49
feb2013-16-25, 49
feb2013-16-26, 49
feb2013-16-27, 49
feb2013-16-28, 49
feb2013-16-29, 49
feb2013-16-2, 49
feb2013-16-30, 49
feb2013-16-31, 49
feb2013-16-32, 49
feb2013-16-33, 49
feb2013-16-34, 49
feb2013-16-35, 49
feb2013-16-36, 49
feb2013-16-37, 49
feb2013-16-38, 49
feb2013-16-39, 49
feb2013-16-3, 49
feb2013-16-40, 49
feb2013-16-41, 49
feb2013-16-42, 49
feb2013-16-43, 49
feb2013-16-44, 49
feb2013-16-45, 49
feb2013-16-46, 49
feb2013-16-47, 49
feb2013-16-48, 49
feb2013-16-49, 49
feb2013-16-4, 49
feb2013-16-5, 49
feb2013-16-6, 49
feb2013-16-7, 49
feb2013-16-8, 49
feb2013-16-9, 49
feb2013-1-6, 49
feb2013-17-10, 49
feb2013-17-11, 49
feb2013-17-12, 49
feb2013-17-13, 49
feb2013-17-14, 49
feb2013-17-15, 49
feb2013-17-16, 49
feb2013-17-17, 49
feb2013-17-18, 49
feb2013-17-19, 49
feb2013-17-1, 49
feb2013-17-20, 49
feb2013-17-21, 49
feb2013-17-22, 49
feb2013-17-23, 49
feb2013-17-24, 49
feb2013-17-25, 49
feb2013-17-26, 49
feb2013-17-27, 49
feb2013-17-28, 49
feb2013-17-29, 49
feb2013-17-2, 49
feb2013-17-30, 49
feb2013-17-31, 49
feb2013-17-32, 49
feb2013-17-33, 49
feb2013-17-34, 49
feb2013-17-35, 49
feb2013-17-36, 49
feb2013-17-37, 49
feb2013-17-38, 49
feb2013-17-39, 49
feb2013-17-3, 49
feb2013-17-40, 49
feb2013-17-41, 49
feb2013-17-42, 49
feb2013-17-43, 49
feb2013-17-44, 49
feb2013-17-45, 49
feb2013-17-46, 49
feb2013-17-47, 49
feb2013-17-48, 49
feb2013-17-49, 49
feb2013-17-4, 49
feb2013-17-5, 49
feb2013-17-6, 49
feb2013-17-7, 49
feb2013-17-8, 49
feb2013-17-9, 49
feb2013-1-7, 49
feb2013-18-10, 49
feb2013-18-11, 49
feb2013-18-12, 49
feb2013-18-13, 49
feb2013-18-14, 49
feb2013-18-15, 49
feb2013-18-16, 49
feb2013-18-17, 49
feb2013-18-18, 49
feb2013-18-19, 49
feb2013-18-1, 49
feb2013-18-20, 49
feb2013-18-21, 49
feb2013-18-22, 49
feb2013-18-23, 49
feb2013-18-24, 49
feb2013-18-25, 49
feb2013-18-26, 49
feb2013-18-27, 49
feb2013-18-28, 49
feb2013-18-29, 49
feb2013-18-2, 49
feb2013-18-30, 49
feb2013-18-31, 49
feb2013-18-32, 49
feb2013-18-33, 49
feb2013-18-34, 49
feb2013-18-35, 49
feb2013-18-36, 49
feb2013-18-37, 49
feb2013-18-38, 49
feb2013-18-39, 49
feb2013-18-3, 49
feb2013-18-40, 49
feb2013-18-41, 49
feb2013-18-42, 49
feb2013-18-43, 49
feb2013-18-44, 49
feb2013-18-45, 49
feb2013-18-46, 49
feb2013-18-47, 49
feb2013-18-48, 49
feb2013-18-49, 49
feb2013-18-4, 49
feb2013-18-5, 49
feb2013-18-6, 49
feb2013-18-7, 49
feb2013-18-8, 49
feb2013-18-9, 49
feb2013-1-8, 49
feb2013-19-10, 49
feb2013-19-11, 49
feb2013-19-12, 49
feb2013-19-13, 49
feb2013-19-14, 49
feb2013-19-15, 49
feb2013-19-16, 49
feb2013-19-17, 49
feb2013-19-18, 49
feb2013-19-19, 49
feb2013-19-1, 49
feb2013-19-20, 49
feb2013-19-21, 49
feb2013-19-22, 49
feb2013-19-23, 49
feb2013-19-24, 49
feb2013-19-25, 49
feb2013-19-26, 49
feb2013-19-27, 49
feb2013-19-28, 49
feb2013-19-29, 49
feb2013-19-2, 49
feb2013-19-30, 49
feb2013-19-31, 49
feb2013-19-32, 49
feb2013-19-33, 49
feb2013-19-34, 49
feb2013-19-35, 49
feb2013-19-36, 49
feb2013-19-37, 49
feb2013-19-38, 49
feb2013-19-39, 49
feb2013-19-3, 49
feb2013-19-40, 49
feb2013-19-41, 49
feb2013-19-42, 49
feb2013-19-43, 49
feb2013-19-44, 49
feb2013-19-45, 49
feb2013-19-46, 49
feb2013-19-47, 49
feb2013-19-48, 49
feb2013-19-49, 49
feb2013-19-4, 49
feb2013-19-5, 49
feb2013-19-6, 49
feb2013-19-7, 49
feb2013-19-8, 49
feb2013-19-9, 49
feb2013-1-9, 49
feb2013-20-10, 49
feb2013-20-11, 49
feb2013-20-12, 49
feb2013-20-13, 49
feb2013-20-14, 49
feb2013-20-15, 49
feb2013-20-16, 49
feb2013-20-17, 49
feb2013-20-18, 49
feb2013-20-19, 49
feb2013-20-1, 49
feb2013-20-20, 49
feb2013-20-21, 49
feb2013-20-22, 49
feb2013-20-23, 49
feb2013-20-24, 49
feb2013-20-25, 49
feb2013-20-26, 49
feb2013-20-27, 49
feb2013-20-28, 49
feb2013-20-29, 49
feb2013-20-2, 49
feb2013-20-30, 49
feb2013-20-31, 49
feb2013-20-32, 49
feb2013-20-33, 49
feb2013-20-34, 49
feb2013-20-35, 49
feb2013-20-36, 49
feb2013-20-37, 49
feb2013-20-38, 49
feb2013-20-39, 49
feb2013-20-3, 49
feb2013-20-40, 49
feb2013-20-41, 49
feb2013-20-42, 49
feb2013-20-43, 49
feb2013-20-44, 49
feb2013-20-45, 49
feb2013-20-46, 49
feb2013-20-47, 49
feb2013-20-48, 49
feb2013-20-49, 49
feb2013-20-4, 49
feb2013-20-5, 49
feb2013-20-6, 49
feb2013-20-7, 49
feb2013-20-8, 49
feb2013-20-9, 49
feb2013-2-10, 49
feb2013-21-10, 49
feb2013-21-11, 49
feb2013-21-12, 49
feb2013-21-13, 49
feb2013-21-14, 49
feb2013-21-15, 49
feb2013-21-16, 49
feb2013-21-17, 49
feb2013-21-18, 49
feb2013-21-19, 49
feb2013-2-11, 49
feb2013-21-1, 49
feb2013-21-20, 49
feb2013-21-21, 49
feb2013-21-22, 49
feb2013-21-23, 49
feb2013-21-24, 49
feb2013-21-25, 49
feb2013-21-26, 49
feb2013-21-27, 49
feb2013-21-28, 49
feb2013-21-29, 49
feb2013-2-12, 49
feb2013-21-2, 49
feb2013-21-30, 49
feb2013-21-31, 49
feb2013-21-32, 49
feb2013-21-33, 49
feb2013-21-34, 49
feb2013-21-35, 49
feb2013-21-36, 49
feb2013-21-37, 49
feb2013-21-38, 49
feb2013-21-39, 49
feb2013-2-13, 49
feb2013-21-3, 49
feb2013-21-40, 49
feb2013-21-41, 49
feb2013-21-42, 49
feb2013-21-43, 49
feb2013-21-44, 49
feb2013-21-45, 49
feb2013-21-46, 49
feb2013-21-47, 49
feb2013-21-48, 49
feb2013-21-49, 49
feb2013-2-14, 49
feb2013-21-4, 49
feb2013-2-15, 49
feb2013-21-5, 49
feb2013-2-16, 49
feb2013-21-6, 49
feb2013-2-17, 49
feb2013-21-7, 49
feb2013-2-18, 49
feb2013-21-8, 49
feb2013-2-19, 49
feb2013-21-9, 49
feb2013-2-1, 49
feb2013-2-20, 49
feb2013-22-10, 49
feb2013-22-11, 49
feb2013-22-12, 49
feb2013-22-13, 49
feb2013-22-14, 49
feb2013-22-15, 49
feb2013-22-16, 49
feb2013-22-17, 49
feb2013-22-18, 49
feb2013-22-19, 49
feb2013-2-21, 49
feb2013-22-1, 49
feb2013-22-20, 49
feb2013-22-21, 49
feb2013-22-22, 49
feb2013-22-23, 49
feb2013-22-24, 49
feb2013-22-25, 49
feb2013-22-26, 49
feb2013-22-27, 49
feb2013-22-28, 49
feb2013-22-29, 49
feb2013-2-22, 49
feb2013-22-2, 49
feb2013-22-30, 49
feb2013-22-31, 49
feb2013-22-32, 49
feb2013-22-33, 49
feb2013-22-34, 49
feb2013-22-35, 49
feb2013-22-36, 49
feb2013-22-37, 49
feb2013-22-38, 49
feb2013-22-39, 49
feb2013-2-23, 49
feb2013-22-3, 49
feb2013-22-40, 49
feb2013-22-41, 49
feb2013-22-42, 49
feb2013-22-43, 49
feb2013-22-44, 49
feb2013-22-45, 49
feb2013-22-46, 49
feb2013-22-47, 49
feb2013-22-48, 49
feb2013-22-49, 49
feb2013-2-24, 49
feb2013-22-4, 49
feb2013-2-25, 49
feb2013-22-5, 49
feb2013-2-26, 49
feb2013-22-6, 49
feb2013-2-27, 49
feb2013-22-7, 49
feb2013-2-28, 49
feb2013-22-8, 49
feb2013-2-29, 49
feb2013-22-9, 49
feb2013-2-2, 49
feb2013-2-30, 49
feb2013-23-10, 49
feb2013-23-11, 49
feb2013-23-12, 49
feb2013-23-13, 49
feb2013-23-14, 49
feb2013-23-15, 49
feb2013-23-16, 49
feb2013-23-17, 49
feb2013-23-18, 49
feb2013-23-19, 49
feb2013-2-31, 49
feb2013-23-1, 49
feb2013-23-20, 49
feb2013-23-21, 49
feb2013-23-22, 49
feb2013-23-23, 49
feb2013-23-24, 49
feb2013-23-25, 49
feb2013-23-26, 49
feb2013-23-27, 49
feb2013-23-28, 49
feb2013-23-29, 49
feb2013-2-32, 49
feb2013-23-2, 49
feb2013-23-30, 49
feb2013-23-31, 49
feb2013-23-32, 49
feb2013-23-33, 49
feb2013-23-34, 49
feb2013-23-35, 49
feb2013-23-36, 49
feb2013-23-37, 49
feb2013-23-38, 49
feb2013-23-39, 49
feb2013-2-33, 49
feb2013-23-3, 49
feb2013-23-40, 49
feb2013-23-41, 49
feb2013-23-42, 49
feb2013-23-43, 49
feb2013-23-44, 49
feb2013-23-45, 49
feb2013-23-46, 49
feb2013-23-47, 49
feb2013-23-48, 49
feb2013-23-49, 49
feb2013-2-34, 49
feb2013-23-4, 49
feb2013-2-35, 49
feb2013-23-5, 49
feb2013-2-36, 49
feb2013-23-6, 49
feb2013-2-37, 49
feb2013-23-7, 49
feb2013-2-38, 49
feb2013-23-8, 49
feb2013-2-39, 49
feb2013-23-9, 49
feb2013-2-3, 49
feb2013-2-40, 49
feb2013-24-10, 49
feb2013-24-11, 49
feb2013-24-12, 49
feb2013-24-13, 49
feb2013-24-14, 49
feb2013-24-15, 49
feb2013-24-16, 49
feb2013-24-17, 49
feb2013-24-18, 49
feb2013-24-19, 49
feb2013-2-41, 49
feb2013-24-1, 49
feb2013-24-20, 49
feb2013-24-21, 49
feb2013-24-22, 49
feb2013-24-23, 49
feb2013-24-24, 49
feb2013-24-25, 49
feb2013-24-26, 49
feb2013-24-27, 49
feb2013-24-28, 49
feb2013-24-29, 49
feb2013-2-42, 49
feb2013-24-2, 49
feb2013-24-30, 49
feb2013-24-31, 49
feb2013-24-32, 49
feb2013-24-33, 49
feb2013-24-34, 49
feb2013-24-35, 49
feb2013-24-36, 49
feb2013-24-37, 49
feb2013-24-38, 49
feb2013-24-39, 49
feb2013-2-43, 49
feb2013-24-3, 49
feb2013-24-40, 49
feb2013-24-41, 49
feb2013-24-42, 49
feb2013-24-43, 49
feb2013-24-44, 49
feb2013-24-45, 49
feb2013-24-46, 49
feb2013-24-47, 49
feb2013-24-48, 49
feb2013-24-49, 49
feb2013-2-44, 49
feb2013-24-4, 49
feb2013-2-45, 49
feb2013-24-5, 49
feb2013-2-46, 49
feb2013-24-6, 49
feb2013-2-47, 49
feb2013-24-7, 49
feb2013-2-48, 49
feb2013-24-8, 49
feb2013-2-49, 49
feb2013-24-9, 49
feb2013-2-4, 49
feb2013-25-10, 49
feb2013-25-11, 49
feb2013-25-12, 49
feb2013-25-13, 49
feb2013-25-14, 49
feb2013-25-15, 49
feb2013-25-16, 49
feb2013-25-17, 49
feb2013-25-18, 49
feb2013-25-19, 49
feb2013-25-1, 49
feb2013-25-20, 49
feb2013-25-21, 49
feb2013-25-22, 49
feb2013-25-23, 49
feb2013-25-24, 49
feb2013-25-25, 49
feb2013-25-26, 49
feb2013-25-27, 49
feb2013-25-28, 49
feb2013-25-29, 49
feb2013-25-2, 49
feb2013-25-30, 49
feb2013-25-31, 49
feb2013-25-32, 49
feb2013-25-33, 49
feb2013-25-34, 49
feb2013-25-35, 49
feb2013-25-36, 49
feb2013-25-37, 49
feb2013-25-38, 49
feb2013-25-39, 49
feb2013-25-3, 49
feb2013-25-40, 49
feb2013-25-41, 49
feb2013-25-42, 49
feb2013-25-43, 49
feb2013-25-44, 49
feb2013-25-45, 49
feb2013-25-46, 49
feb2013-25-47, 49
feb2013-25-48, 49
feb2013-25-49, 49
feb2013-25-4, 49
feb2013-25-5, 49
feb2013-25-6, 49
feb2013-25-7, 49
feb2013-25-8, 49
feb2013-25-9, 49
feb2013-2-5, 49
feb2013-26-10, 49
feb2013-26-11, 49
feb2013-26-12, 49
feb2013-26-13, 49
feb2013-26-14, 49
feb2013-26-15, 49
feb2013-26-16, 49
feb2013-26-17, 49
feb2013-26-18, 49
feb2013-26-19, 49
feb2013-26-1, 49
feb2013-26-20, 49
feb2013-26-21, 49
feb2013-26-22, 49
feb2013-26-23, 49
feb2013-26-24, 49
feb2013-26-25, 49
feb2013-26-26, 49
feb2013-26-27, 49
feb2013-26-28, 49
feb2013-26-29, 49
feb2013-26-2, 49
feb2013-26-30, 49
feb2013-26-31, 49
feb2013-26-32, 49
feb2013-26-33, 49
feb2013-26-34, 49
feb2013-26-35, 49
feb2013-26-36, 49
feb2013-26-37, 49
feb2013-26-38, 49
feb2013-26-39, 49
feb2013-26-3, 49
feb2013-26-40, 49
feb2013-26-41, 49
feb2013-26-42, 49
feb2013-26-43, 49
feb2013-26-44, 49
feb2013-26-45, 49
feb2013-26-46, 49
feb2013-26-47, 49
feb2013-26-48, 49
feb2013-26-49, 49
feb2013-26-4, 49
feb2013-26-5, 49
feb2013-26-6, 49
feb2013-26-7, 49
feb2013-26-8, 49
feb2013-26-9, 49
feb2013-2-6, 49
feb2013-27-10, 49
feb2013-27-11, 49
feb2013-27-12, 49
feb2013-27-13, 49
feb2013-27-14, 49
feb2013-27-15, 49
feb2013-27-16, 49
feb2013-27-17, 49
feb2013-27-18, 49
feb2013-27-19, 49
feb2013-27-1, 49
feb2013-27-20, 49
feb2013-27-21, 49
feb2013-27-22, 49
feb2013-27-23, 49
feb2013-27-24, 49
feb2013-27-25, 49
feb2013-27-26, 49
feb2013-27-27, 49
feb2013-27-28, 49
feb2013-27-29, 49
feb2013-27-2, 49
feb2013-27-30, 49
feb2013-27-31, 49
feb2013-27-32, 49
feb2013-27-33, 49
feb2013-27-34, 49
feb2013-27-35, 49
feb2013-27-36, 49
feb2013-27-37, 49
feb2013-27-38, 49
feb2013-27-39, 49
feb2013-27-3, 49
feb2013-27-40, 49
feb2013-27-41, 49
feb2013-27-42, 49
feb2013-27-43, 49
feb2013-27-44, 49
feb2013-27-45, 49
feb2013-27-46, 49
feb2013-27-47, 49
feb2013-27-48, 49
feb2013-27-49, 49
feb2013-27-4, 49
feb2013-27-5, 49
feb2013-27-6, 49
feb2013-27-7, 49
feb2013-27-8, 49
feb2013-27-9, 49
feb2013-2-7, 49
feb2013-28-10, 49
feb2013-28-11, 49
feb2013-28-12, 49
feb2013-28-13, 49
feb2013-28-14, 49
feb2013-28-15, 49
feb2013-28-16, 49
feb2013-28-17, 49
feb2013-28-18, 49
feb2013-28-19, 49
feb2013-28-1, 49
feb2013-28-20, 49
feb2013-28-21, 49
feb2013-28-22, 49
feb2013-28-23, 49
feb2013-28-24, 49
feb2013-28-25, 49
feb2013-28-26, 49
feb2013-28-27, 49
feb2013-28-28, 49
feb2013-28-29, 49
feb2013-28-2, 49
feb2013-28-30, 49
feb2013-28-31, 49
feb2013-28-32, 49
feb2013-28-33, 49
feb2013-28-34, 49
feb2013-28-35, 49
feb2013-28-36, 49
feb2013-28-37, 49
feb2013-28-38, 49
feb2013-28-39, 49
feb2013-28-3, 49
feb2013-28-40, 49
feb2013-28-41, 49
feb2013-28-42, 49
feb2013-28-43, 49
feb2013-28-44, 49
feb2013-28-45, 49
feb2013-28-46, 49
feb2013-28-47, 49
feb2013-28-48, 49
feb2013-28-49, 49
feb2013-28-4, 49
feb2013-28-5, 49
feb2013-28-6, 49
feb2013-28-7, 49
feb2013-28-8, 49
feb2013-28-9, 49
feb2013-2-8, 49
feb2013-29-10, 49
feb2013-29-11, 49
feb2013-29-12, 49
feb2013-29-13, 49
feb2013-29-14, 49
feb2013-29-15, 49
feb2013-29-16, 49
feb2013-29-17, 49
feb2013-29-18, 49
feb2013-29-19, 49
feb2013-29-1, 49
feb2013-29-20, 49
feb2013-29-21, 49
feb2013-29-22, 49
feb2013-29-23, 49
feb2013-29-24, 49
feb2013-29-25, 49
feb2013-29-26, 49
feb2013-29-27, 49
feb2013-29-28, 49
feb2013-29-29, 49
feb2013-29-2, 49
feb2013-29-30, 49
feb2013-29-31, 49
feb2013-29-32, 49
feb2013-29-33, 49
feb2013-29-34, 49
feb2013-29-35, 49
feb2013-29-36, 49
feb2013-29-37, 49
feb2013-29-38, 49
feb2013-29-39, 49
feb2013-29-3, 49
feb2013-29-40, 49
feb2013-29-41, 49
feb2013-29-42, 49
feb2013-29-43, 49
feb2013-29-44, 49
feb2013-29-45, 49
feb2013-29-46, 49
feb2013-29-47, 49
feb2013-29-48, 49
feb2013-29-49, 49
feb2013-29-4, 49
feb2013-29-5, 49
feb2013-29-6, 49
feb2013-29-7, 49
feb2013-29-8, 49
feb2013-29-9, 49
feb2013-2-9, 49
feb2013-30-10, 49
feb2013-30-11, 49
feb2013-30-12, 49
feb2013-30-13, 49
feb2013-30-14, 49
feb2013-30-15, 49
feb2013-30-16, 49
feb2013-30-17, 49
feb2013-30-18, 49
feb2013-30-19, 49
feb2013-30-1, 49
feb2013-30-20, 49
feb2013-30-21, 49
feb2013-30-22, 49
feb2013-30-23, 49
feb2013-30-24, 49
feb2013-30-25, 49
feb2013-30-26, 49
feb2013-30-27, 49
feb2013-30-28, 49
feb2013-30-29, 49
feb2013-30-2, 49
feb2013-30-30, 49
feb2013-30-31, 49
feb2013-30-32, 49
feb2013-30-33, 49
feb2013-30-34, 49
feb2013-30-35, 49
feb2013-30-36, 49
feb2013-30-37, 49
feb2013-30-38, 49
feb2013-30-39, 49
feb2013-30-3, 49
feb2013-30-40, 49
feb2013-30-41, 49
feb2013-30-42, 49
feb2013-30-43, 49
feb2013-30-44, 49
feb2013-30-45, 49
feb2013-30-46, 49
feb2013-30-47, 49
feb2013-30-48, 49
feb2013-30-49, 49
feb2013-30-4, 49
feb2013-30-5, 49
feb2013-30-6, 49
feb2013-30-7, 49
feb2013-30-8, 49
feb2013-30-9, 49
feb2013-3-10, 49
feb2013-31-10, 49
feb2013-31-11, 49
feb2013-31-12, 49
feb2013-31-13, 49
feb2013-31-14, 49
feb2013-31-15, 49
feb2013-31-16, 49
feb2013-31-17, 49
feb2013-31-18, 49
feb2013-31-19, 49
feb2013-3-11, 49
feb2013-31-1, 49
feb2013-31-20, 49
feb2013-31-21, 49
feb2013-31-22, 49
feb2013-31-23, 49
feb2013-31-24, 49
feb2013-31-25, 49
feb2013-31-26, 49
feb2013-31-27, 49
feb2013-31-28, 49
feb2013-31-29, 49
feb2013-3-12, 49
feb2013-31-2, 49
feb2013-31-30, 49
feb2013-31-31, 49
feb2013-31-32, 49
feb2013-31-33, 49
feb2013-31-34, 49
feb2013-31-35, 49
feb2013-31-36, 49
feb2013-31-37, 49
feb2013-31-38, 49
feb2013-31-39, 49
feb2013-3-13, 49
feb2013-31-3, 49
feb2013-31-40, 49
feb2013-31-41, 49
feb2013-31-42, 49
feb2013-31-43, 49
feb2013-31-44, 49
feb2013-31-45, 49
feb2013-31-46, 49
feb2013-31-47, 49
feb2013-31-48, 49
feb2013-31-49, 49
feb2013-3-14, 49
feb2013-31-4, 49
feb2013-3-15, 49
feb2013-31-5, 49
feb2013-3-16, 49
feb2013-31-6, 49
feb2013-3-17, 49
feb2013-31-7, 49
feb2013-3-18, 49
feb2013-31-8, 49
feb2013-3-19, 49
feb2013-31-9, 49
feb2013-3-1, 49
feb2013-3-20, 49
feb2013-32-10, 49
feb2013-32-11, 49
feb2013-32-12, 49
feb2013-32-13, 49
feb2013-32-14, 49
feb2013-32-15, 49
feb2013-32-16, 49
feb2013-32-17, 49
feb2013-32-18, 49
feb2013-32-19, 49
feb2013-3-21, 49
feb2013-32-1, 49
feb2013-32-20, 49
feb2013-32-21, 49
feb2013-32-22, 49
feb2013-32-23, 49
feb2013-32-24, 49
feb2013-32-25, 49
feb2013-32-26, 49
feb2013-32-27, 49
feb2013-32-28, 49
feb2013-32-29, 49
feb2013-3-22, 49
feb2013-32-2, 49
feb2013-32-30, 49
feb2013-32-31, 49
feb2013-32-32, 49
feb2013-32-33, 49
feb2013-32-34, 49
feb2013-32-35, 49
feb2013-32-36, 49
feb2013-32-37, 49
feb2013-32-38, 49
feb2013-32-39, 49
feb2013-3-23, 49
feb2013-32-3, 49
feb2013-32-40, 49
feb2013-32-41, 49
feb2013-32-42, 49
feb2013-32-43, 49
feb2013-32-44, 49
feb2013-32-45, 49
feb2013-32-46, 49
feb2013-32-47, 49
feb2013-32-48, 49
feb2013-32-49, 49
feb2013-3-24, 49
feb2013-32-4, 49
feb2013-3-25, 49
feb2013-32-5, 49
feb2013-3-26, 49
feb2013-32-6, 49
feb2013-3-27, 49
feb2013-32-7, 49
feb2013-3-28, 49
feb2013-32-8, 49
feb2013-3-29, 49
feb2013-32-9, 49
feb2013-3-2, 49
feb2013-3-30, 49
feb2013-33-10, 49
feb2013-33-11, 49
feb2013-33-12, 49
feb2013-33-13, 49
feb2013-33-14, 49
feb2013-33-15, 49
feb2013-33-16, 49
feb2013-33-17, 49
feb2013-33-18, 49
feb2013-33-19, 49
feb2013-3-31, 49
feb2013-33-1, 49
feb2013-33-20, 49
feb2013-33-21, 49
feb2013-33-22, 49
feb2013-33-23, 49
feb2013-33-24, 49
feb2013-33-25, 49
feb2013-33-26, 49
feb2013-33-27, 49
feb2013-33-28, 49
feb2013-33-29, 49
feb2013-3-32, 49
feb2013-33-2, 49
feb2013-33-30, 49
feb2013-33-31, 49
feb2013-33-32, 49
feb2013-33-33, 49
feb2013-33-34, 49
feb2013-33-35, 49
feb2013-33-36, 49
feb2013-33-37, 49
feb2013-33-38, 49
feb2013-33-39, 49
feb2013-3-33, 49
feb2013-33-3, 49
feb2013-33-40, 49
feb2013-33-41, 49
feb2013-33-42, 49
feb2013-33-43, 49
feb2013-33-44, 49
feb2013-33-45, 49
feb2013-33-46, 49
feb2013-33-47, 49
feb2013-33-48, 49
feb2013-33-49, 49
feb2013-3-34, 49
feb2013-33-4, 49
feb2013-3-35, 49
feb2013-33-5, 49
feb2013-3-36, 49
feb2013-33-6, 49
feb2013-3-37, 49
feb2013-33-7, 49
feb2013-3-38, 49
feb2013-33-8, 49
feb2013-3-39, 49
feb2013-33-9, 49
feb2013-3-3, 49
feb2013-3-40, 49
feb2013-34-10, 49
feb2013-34-11, 49
feb2013-34-12, 49
feb2013-34-13, 49
feb2013-34-14, 49
feb2013-34-15, 49
feb2013-34-16, 49
feb2013-34-17, 49
feb2013-34-18, 49
feb2013-34-19, 49
feb2013-3-41, 49
feb2013-34-1, 49
feb2013-34-20, 49
feb2013-34-21, 49
feb2013-34-22, 49
feb2013-34-23, 49
feb2013-34-24, 49
feb2013-34-25, 49
feb2013-34-26, 49
feb2013-34-27, 49
feb2013-34-28, 49
feb2013-34-29, 49
feb2013-3-42, 49
feb2013-34-2, 49
feb2013-34-30, 49
feb2013-34-31, 49
feb2013-34-32, 49
feb2013-34-33, 49
feb2013-34-34, 49
feb2013-34-35, 49
feb2013-34-36, 49
feb2013-34-37, 49
feb2013-34-38, 49
feb2013-34-39, 49
feb2013-3-43, 49
feb2013-34-3, 49
feb2013-34-40, 49
feb2013-34-41, 49
feb2013-34-42, 49
feb2013-34-43, 49
feb2013-34-44, 49
feb2013-34-45, 49
feb2013-34-46, 49
feb2013-34-47, 49
feb2013-34-48, 49
feb2013-34-49, 49
feb2013-3-44, 49
feb2013-34-4, 49
feb2013-3-45, 49
feb2013-34-5, 49
feb2013-3-46, 49
feb2013-34-6, 49
feb2013-3-47, 49
feb2013-34-7, 49
feb2013-3-48, 49
feb2013-34-8, 49
feb2013-3-49, 49
feb2013-34-9, 49
feb2013-3-4, 49
feb2013-35-10, 49
feb2013-35-11, 49
feb2013-35-12, 49
feb2013-35-13, 49
feb2013-35-14, 49
feb2013-35-15, 49
feb2013-35-16, 49
feb2013-35-17, 49
feb2013-35-18, 49
feb2013-35-19, 49
feb2013-35-1, 49
feb2013-35-20, 49
feb2013-35-21, 49
feb2013-35-22, 49
feb2013-35-23, 49
feb2013-35-24, 49
feb2013-35-25, 49
feb2013-35-26, 49
feb2013-35-27, 49
feb2013-35-28, 49
feb2013-35-29, 49
feb2013-35-2, 49
feb2013-35-30, 49
feb2013-35-31, 49
feb2013-35-32, 49
feb2013-35-33, 49
feb2013-35-34, 49
feb2013-35-35, 49
feb2013-35-36, 49
feb2013-35-37, 49
feb2013-35-38, 49
feb2013-35-39, 49
feb2013-35-3, 49
feb2013-35-40, 49
feb2013-35-41, 49
feb2013-35-42, 49
feb2013-35-43, 49
feb2013-35-44, 49
feb2013-35-45, 49
feb2013-35-46, 49
feb2013-35-47, 49
feb2013-35-48, 49
feb2013-35-49, 49
feb2013-35-4, 49
feb2013-35-5, 49
feb2013-35-6, 49
feb2013-35-7, 49
feb2013-35-8, 49
feb2013-35-9, 49
feb2013-3-5, 49
feb2013-36-10, 49
feb2013-36-11, 49
feb2013-36-12, 49
feb2013-36-13, 49
feb2013-36-14, 49
feb2013-36-15, 49
feb2013-36-16, 49
feb2013-36-17, 49
feb2013-36-18, 49
feb2013-36-19, 49
feb2013-36-1, 49
feb2013-36-20, 49
feb2013-36-21, 49
feb2013-36-22, 49
feb2013-36-23, 49
feb2013-36-24, 49
feb2013-36-25, 49
feb2013-36-26, 49
feb2013-36-27, 49
feb2013-36-28, 49
feb2013-36-29, 49
feb2013-36-2, 49
feb2013-36-30, 49
feb2013-36-31, 49
feb2013-36-32, 49
feb2013-36-33, 49
feb2013-36-34, 49
feb2013-36-35, 49
feb2013-36-36, 49
feb2013-36-37, 49
feb2013-36-38, 49
feb2013-36-39, 49
feb2013-36-3, 49
feb2013-36-40, 49
feb2013-36-41, 49
feb2013-36-42, 49
feb2013-36-43, 49
feb2013-36-44, 49
feb2013-36-45, 49
feb2013-36-46, 49
feb2013-36-47, 49
feb2013-36-48, 49
feb2013-36-49, 49
feb2013-36-4, 49
feb2013-36-5, 49
feb2013-36-6, 49
feb2013-36-7, 49
feb2013-36-8, 49
feb2013-36-9, 49
feb2013-3-6, 49
feb2013-37-10, 49
feb2013-37-11, 49
feb2013-37-12, 49
feb2013-37-13, 49
feb2013-37-14, 49
feb2013-37-15, 49
feb2013-37-16, 49
feb2013-37-17, 49
feb2013-37-18, 49
feb2013-37-19, 49
feb2013-37-1, 49
feb2013-37-20, 49
feb2013-37-21, 49
feb2013-37-22, 49
feb2013-37-23, 49
feb2013-37-24, 49
feb2013-37-25, 49
feb2013-37-26, 49
feb2013-37-27, 49
feb2013-37-28, 49
feb2013-37-29, 49
feb2013-37-2, 49
feb2013-37-30, 49
feb2013-37-31, 49
feb2013-37-32, 49
feb2013-37-33, 49
feb2013-37-34, 49
feb2013-37-35, 49
feb2013-37-36, 49
feb2013-37-37, 49
feb2013-37-38, 49
feb2013-37-39, 49
feb2013-37-3, 49
feb2013-37-40, 49
feb2013-37-41, 49
feb2013-37-42, 49
feb2013-37-43, 49
feb2013-37-44, 49
feb2013-37-45, 49
feb2013-37-46, 49
feb2013-37-47, 49
feb2013-37-48, 49
feb2013-37-49, 49
feb2013-37-4, 49
feb2013-37-5, 49
feb2013-37-6, 49
feb2013-37-7, 49
feb2013-37-8, 49
feb2013-37-9, 49
feb2013-3-7, 49
feb2013-38-10, 49
feb2013-38-11, 49
feb2013-38-12, 49
feb2013-38-13, 49
feb2013-38-14, 49
feb2013-38-15, 49
feb2013-38-16, 49
feb2013-38-17, 49
feb2013-38-18, 49
feb2013-38-19, 49
feb2013-38-1, 49
feb2013-38-20, 49
feb2013-38-21, 49
feb2013-38-22, 49
feb2013-38-23, 49
feb2013-38-24, 49
feb2013-38-25, 49
feb2013-38-26, 49
feb2013-38-27, 49
feb2013-38-28, 49
feb2013-38-29, 49
feb2013-38-2, 49
feb2013-38-30, 49
feb2013-38-31, 49
feb2013-38-32, 49
feb2013-38-33, 49
feb2013-38-34, 49
feb2013-38-35, 49
feb2013-38-36, 49
feb2013-38-37, 49
feb2013-38-38, 49
feb2013-38-39, 49
feb2013-38-3, 49
feb2013-38-40, 49
feb2013-38-41, 49
feb2013-38-42, 49
feb2013-38-43, 49
feb2013-38-44, 49
feb2013-38-45, 49
feb2013-38-46, 49
feb2013-38-47, 49
feb2013-38-48, 49
feb2013-38-49, 49
feb2013-38-4, 49
feb2013-38-5, 49
feb2013-38-6, 49
feb2013-38-7, 49
feb2013-38-8, 49
feb2013-38-9, 49
feb2013-3-8, 49
feb2013-39-10, 49
feb2013-39-11, 49
feb2013-39-12, 49
feb2013-39-13, 49
feb2013-39-14, 49
feb2013-39-15, 49
feb2013-39-16, 49
feb2013-39-17, 49
feb2013-39-18, 49
feb2013-39-19, 49
feb2013-39-1, 49
feb2013-39-20, 49
feb2013-39-21, 49
feb2013-39-22, 49
feb2013-39-23, 49
feb2013-39-24, 49
feb2013-39-25, 49
feb2013-39-26, 49
feb2013-39-27, 49
feb2013-39-28, 49
feb2013-39-29, 49
feb2013-39-2, 49
feb2013-39-30, 49
feb2013-39-31, 49
feb2013-39-32, 49
feb2013-39-33, 49
feb2013-39-34, 49
feb2013-39-35, 49
feb2013-39-36, 49
feb2013-39-37, 49
feb2013-39-38, 49
feb2013-39-39, 49
feb2013-39-3, 49
feb2013-39-40, 49
feb2013-39-41, 49
feb2013-39-42, 49
feb2013-39-43, 49
feb2013-39-44, 49
feb2013-39-45, 49
feb2013-39-46, 49
feb2013-39-47, 49
feb2013-39-48, 49
feb2013-39-49, 49
feb2013-39-4, 49
feb2013-39-5, 49
feb2013-39-6, 49
feb2013-39-7, 49
feb2013-39-8, 49
feb2013-39-9, 49
feb2013-3-9, 49
feb2013-40-10, 49
feb2013-40-11, 49
feb2013-40-12, 49
feb2013-40-13, 49
feb2013-40-14, 49
feb2013-40-15, 49
feb2013-40-16, 49
feb2013-40-17, 49
feb2013-40-18, 49
feb2013-40-19, 49
feb2013-40-1, 49
feb2013-40-20, 49
feb2013-40-21, 49
feb2013-40-22, 49
feb2013-40-23, 49
feb2013-40-24, 49
feb2013-40-25, 49
feb2013-40-26, 49
feb2013-40-27, 49
feb2013-40-28, 49
feb2013-40-29, 49
feb2013-40-2, 49
feb2013-40-30, 49
feb2013-40-31, 49
feb2013-40-32, 49
feb2013-40-33, 49
feb2013-40-34, 49
feb2013-40-35, 49
feb2013-40-36, 49
feb2013-40-37, 49
feb2013-40-38, 49
feb2013-40-39, 49
feb2013-40-3, 49
feb2013-40-40, 49
feb2013-40-41, 49
feb2013-40-42, 49
feb2013-40-43, 49
feb2013-40-44, 49
feb2013-40-45, 49
feb2013-40-46, 49
feb2013-40-47, 49
feb2013-40-48, 49
feb2013-40-49, 49
feb2013-40-4, 49
feb2013-40-5, 49
feb2013-40-6, 49
feb2013-40-7, 49
feb2013-40-8, 49
feb2013-40-9, 49
feb2013-4-10, 49
feb2013-41-10, 49
feb2013-41-11, 49
feb2013-41-12, 49
feb2013-41-13, 49
feb2013-41-14, 49
feb2013-41-15, 49
feb2013-41-16, 49
feb2013-41-17, 49
feb2013-41-18, 49
feb2013-41-19, 49
feb2013-4-11, 49
feb2013-41-1, 49
feb2013-41-20, 49
feb2013-41-21, 49
feb2013-41-22, 49
feb2013-41-23, 49
feb2013-41-24, 49
feb2013-41-25, 49
feb2013-41-26, 49
feb2013-41-27, 49
feb2013-41-28, 49
feb2013-41-29, 49
feb2013-4-12, 49
feb2013-41-2, 49
feb2013-41-30, 49
feb2013-41-31, 49
feb2013-41-32, 49
feb2013-41-33, 49
feb2013-41-34, 49
feb2013-41-35, 49
feb2013-41-36, 49
feb2013-41-37, 49
feb2013-41-38, 49
feb2013-41-39, 49
feb2013-4-13, 49
feb2013-41-3, 49
feb2013-41-40, 49
feb2013-41-41, 49
feb2013-41-42, 49
feb2013-41-43, 49
feb2013-41-44, 49
feb2013-41-45, 49
feb2013-41-46, 49
feb2013-41-47, 49
feb2013-41-48, 49
feb2013-41-49, 49
feb2013-4-14, 49
feb2013-41-4, 49
feb2013-4-15, 49
feb2013-41-5, 49
feb2013-4-16, 49
feb2013-41-6, 49
feb2013-4-17, 49
feb2013-41-7, 49
feb2013-4-18, 49
feb2013-41-8, 49
feb2013-4-19, 49
feb2013-41-9, 49
feb2013-4-1, 49
feb2013-4-20, 49
feb2013-42-10, 49
feb2013-42-11, 49
feb2013-42-12, 49
feb2013-42-13, 49
feb2013-42-14, 49
feb2013-42-15, 49
feb2013-42-16, 49
feb2013-42-17, 49
feb2013-42-18, 49
feb2013-42-19, 49
feb2013-4-21, 49
feb2013-42-1, 49
feb2013-42-20, 49
feb2013-42-21, 49
feb2013-42-22, 49
feb2013-42-23, 49
feb2013-42-24, 49
feb2013-42-25, 49
feb2013-42-26, 49
feb2013-42-27, 49
feb2013-42-28, 49
feb2013-42-29, 49
feb2013-4-22, 49
feb2013-42-2, 49
feb2013-42-30, 49
feb2013-42-31, 49
feb2013-42-32, 49
feb2013-42-33, 49
feb2013-42-34, 49
feb2013-42-35, 49
feb2013-42-36, 49
feb2013-42-37, 49
feb2013-42-38, 49
feb2013-42-39, 49
feb2013-4-23, 49
feb2013-42-3, 49
feb2013-42-40, 49
feb2013-42-41, 49
feb2013-42-42, 49
feb2013-42-43, 49
feb2013-42-44, 49
feb2013-42-45, 49
feb2013-42-46, 49
feb2013-42-47, 49
feb2013-42-48, 49
feb2013-42-49, 49
feb2013-4-24, 49
feb2013-42-4, 49
feb2013-4-25, 49
feb2013-42-5, 49
feb2013-4-26, 49
feb2013-42-6, 49
feb2013-4-27, 49
feb2013-42-7, 49
feb2013-4-28, 49
feb2013-42-8, 49
feb2013-4-29, 49
feb2013-42-9, 49
feb2013-4-2, 49
feb2013-4-30, 49
feb2013-43-10, 49
feb2013-43-11, 49
feb2013-43-12, 49
feb2013-43-13, 49
feb2013-43-14, 49
feb2013-43-15, 49
feb2013-43-16, 49
feb2013-43-17, 49
feb2013-43-18, 49
feb2013-43-19, 49
feb2013-4-31, 49
feb2013-43-1, 49
feb2013-43-20, 49
feb2013-43-21, 49
feb2013-43-22, 49
feb2013-43-23, 49
feb2013-43-24, 49
feb2013-43-25, 49
feb2013-43-26, 49
feb2013-43-27, 49
feb2013-43-28, 49
feb2013-43-29, 49
feb2013-4-32, 49
feb2013-43-2, 49
feb2013-43-30, 49
feb2013-43-31, 49
feb2013-43-32, 49
feb2013-43-33, 49
feb2013-43-34, 49
feb2013-43-35, 49
feb2013-43-36, 49
feb2013-43-37, 49
feb2013-43-38, 49
feb2013-43-39, 49
feb2013-4-33, 49
feb2013-43-3, 49
feb2013-43-40, 49
feb2013-43-41, 49
feb2013-43-42, 49
feb2013-43-43, 49
feb2013-43-44, 49
feb2013-43-45, 49
feb2013-43-46, 49
feb2013-43-47, 49
feb2013-43-48, 49
feb2013-43-49, 49
feb2013-4-34, 49
feb2013-43-4, 49
feb2013-4-35, 49
feb2013-43-5, 49
feb2013-4-36, 49
feb2013-43-6, 49
feb2013-4-37, 49
feb2013-43-7, 49
feb2013-4-38, 49
feb2013-43-8, 49
feb2013-4-39, 49
feb2013-43-9, 49
feb2013-4-3, 49
feb2013-4-40, 49
feb2013-44-10, 49
feb2013-44-11, 49
feb2013-44-12, 49
feb2013-44-13, 49
feb2013-44-14, 49
feb2013-44-15, 49
feb2013-44-16, 49
feb2013-44-17, 49
feb2013-44-18, 49
feb2013-44-19, 49
feb2013-4-41, 49
feb2013-44-1, 49
feb2013-44-20, 49
feb2013-44-21, 49
feb2013-44-22, 49
feb2013-44-23, 49
feb2013-44-24, 49
feb2013-44-25, 49
feb2013-44-26, 49
feb2013-44-27, 49
feb2013-44-28, 49
feb2013-44-29, 49
feb2013-4-42, 49
feb2013-44-2, 49
feb2013-44-30, 49
feb2013-44-31, 49
feb2013-44-32, 49
feb2013-44-33, 49
feb2013-44-34, 49
feb2013-44-35, 49
feb2013-44-36, 49
feb2013-44-37, 49
feb2013-44-38, 49
feb2013-44-39, 49
feb2013-4-43, 49
feb2013-44-3, 49
feb2013-44-40, 49
feb2013-44-41, 49
feb2013-44-42, 49
feb2013-44-43, 49
feb2013-44-44, 49
feb2013-44-45, 49
feb2013-44-46, 49
feb2013-44-47, 49
feb2013-44-48, 49
feb2013-44-49, 49
feb2013-4-44, 49
feb2013-44-4, 49
feb2013-4-45, 49
feb2013-44-5, 49
feb2013-4-46, 49
feb2013-44-6, 49
feb2013-4-47, 49
feb2013-44-7, 49
feb2013-4-48, 49
feb2013-44-8, 49
feb2013-4-49, 49
feb2013-44-9, 49
feb2013-4-4, 49
feb2013-45-10, 49
feb2013-45-11, 49
feb2013-45-12, 49
feb2013-45-13, 49
feb2013-45-14, 49
feb2013-45-15, 49
feb2013-45-16, 49
feb2013-45-17, 49
feb2013-45-18, 49
feb2013-45-19, 49
feb2013-45-1, 49
feb2013-45-20, 49
feb2013-45-21, 49
feb2013-45-22, 49
feb2013-45-23, 49
feb2013-45-24, 49
feb2013-45-25, 49
feb2013-45-26, 49
feb2013-45-27, 49
feb2013-45-28, 49
feb2013-45-29, 49
feb2013-45-2, 49
feb2013-45-30, 49
feb2013-45-31, 49
feb2013-45-32, 49
feb2013-45-33, 49
feb2013-45-34, 49
feb2013-45-35, 49
feb2013-45-36, 49
feb2013-45-37, 49
feb2013-45-38, 49
feb2013-45-39, 49
feb2013-45-3, 49
feb2013-45-40, 49
feb2013-45-41, 49
feb2013-45-42, 49
feb2013-45-43, 49
feb2013-45-44, 49
feb2013-45-45, 49
feb2013-45-46, 49
feb2013-45-47, 49
feb2013-45-48, 49
feb2013-45-49, 49
feb2013-45-4, 49
feb2013-45-5, 49
feb2013-45-6, 49
feb2013-45-7, 49
feb2013-45-8, 49
feb2013-45-9, 49
feb2013-4-5, 49
feb2013-46-10, 49
feb2013-46-11, 49
feb2013-46-12, 49
feb2013-46-13, 49
feb2013-46-14, 49
feb2013-46-15, 49
feb2013-46-16, 49
feb2013-46-17, 49
feb2013-46-18, 49
feb2013-46-19, 49
feb2013-46-1, 49
feb2013-46-20, 49
feb2013-46-21, 49
feb2013-46-22, 49
feb2013-46-23, 49
feb2013-46-24, 49
feb2013-46-25, 49
feb2013-46-26, 49
feb2013-46-27, 49
feb2013-46-28, 49
feb2013-46-29, 49
feb2013-46-2, 49
feb2013-46-30, 49
feb2013-46-31, 49
feb2013-46-32, 49
feb2013-46-33, 49
feb2013-46-34, 49
feb2013-46-35, 49
feb2013-46-36, 49
feb2013-46-37, 49
feb2013-46-38, 49
feb2013-46-39, 49
feb2013-46-3, 49
feb2013-46-40, 49
feb2013-46-41, 49
feb2013-46-42, 49
feb2013-46-43, 49
feb2013-46-44, 49
feb2013-46-45, 49
feb2013-46-46, 49
feb2013-46-47, 49
feb2013-46-48, 49
feb2013-46-49, 49
feb2013-46-4, 49
feb2013-46-5, 49
feb2013-46-6, 49
feb2013-46-7, 49
feb2013-46-8, 49
feb2013-46-9, 49
feb2013-4-6, 49
feb2013-47-10, 49
feb2013-47-11, 49
feb2013-47-12, 49
feb2013-47-13, 49
feb2013-47-14, 49
feb2013-47-15, 49
feb2013-47-16, 49
feb2013-47-17, 49
feb2013-47-18, 49
feb2013-47-19, 49
feb2013-47-1, 49
feb2013-47-20, 49
feb2013-47-21, 49
feb2013-47-22, 49
feb2013-47-23, 49
feb2013-47-24, 49
feb2013-47-25, 49
feb2013-47-26, 49
feb2013-47-27, 49
feb2013-47-28, 49
feb2013-47-29, 49
feb2013-47-2, 49
feb2013-47-30, 49
feb2013-47-31, 49
feb2013-47-32, 49
feb2013-47-33, 49
feb2013-47-34, 49
feb2013-47-35, 49
feb2013-47-36, 49
feb2013-47-37, 49
feb2013-47-38, 49
feb2013-47-39, 49
feb2013-47-3, 49
feb2013-47-40, 49
feb2013-47-41, 49
feb2013-47-42, 49
feb2013-47-43, 49
feb2013-47-44, 49
feb2013-47-45, 49
feb2013-47-46, 49
feb2013-47-47, 49
feb2013-47-48, 49
feb2013-47-49, 49
feb2013-47-4, 49
feb2013-47-5, 49
feb2013-47-6, 49
feb2013-47-7, 49
feb2013-47-8, 49
feb2013-47-9, 49
feb2013-4-7, 49
feb2013-48-10, 49
feb2013-48-11, 49
feb2013-48-12, 49
feb2013-48-13, 49
feb2013-48-14, 49
feb2013-48-15, 49
feb2013-48-16, 49
feb2013-48-17, 49
feb2013-48-18, 49
feb2013-48-19, 49
feb2013-48-1, 49
feb2013-48-20, 49
feb2013-48-21, 49
feb2013-48-22, 49
feb2013-48-23, 49
feb2013-48-24, 49
feb2013-48-25, 49
feb2013-48-26, 49
feb2013-48-27, 49
feb2013-48-28, 49
feb2013-48-29, 49
feb2013-48-2, 49
feb2013-48-30, 49
feb2013-48-31, 49
feb2013-48-32, 49
feb2013-48-33, 49
feb2013-48-34, 49
feb2013-48-35, 49
feb2013-48-36, 49
feb2013-48-37, 49
feb2013-48-38, 49
feb2013-48-39, 49
feb2013-48-3, 49
feb2013-48-40, 49
feb2013-48-41, 49
feb2013-48-42, 49
feb2013-48-43, 49
feb2013-48-44, 49
feb2013-48-45, 49
feb2013-48-46, 49
feb2013-48-47, 49
feb2013-48-48, 49
feb2013-48-49, 49
feb2013-48-4, 49
feb2013-48-5, 49
feb2013-48-6, 49
feb2013-48-7, 49
feb2013-48-8, 49
feb2013-48-9, 49
feb2013-4-8, 49
feb2013-49-10, 49
feb2013-49-11, 49
feb2013-49-12, 49
feb2013-49-13, 49
feb2013-49-14, 49
feb2013-49-15, 49
feb2013-49-16, 49
feb2013-49-17, 49
feb2013-49-18, 49
feb2013-49-19, 49
feb2013-49-1, 49
feb2013-49-20, 49
feb2013-49-21, 49
feb2013-49-22, 49
feb2013-49-23, 49
feb2013-49-24, 49
feb2013-49-25, 49
feb2013-49-26, 49
feb2013-49-27, 49
feb2013-49-28, 49
feb2013-49-29, 49
feb2013-49-2, 49
feb2013-49-30, 49
feb2013-49-31, 49
feb2013-49-32, 49
feb2013-49-33, 49
feb2013-49-34, 49
feb2013-49-35, 49
feb2013-49-36, 49
feb2013-49-37, 49
feb2013-49-38, 49
feb2013-49-39, 49
feb2013-49-3, 49
feb2013-49-40, 49
feb2013-49-41, 49
feb2013-49-42, 49
feb2013-49-43, 49
feb2013-49-44, 49
feb2013-49-45, 49
feb2013-49-46, 49
feb2013-49-47, 49
feb2013-49-48, 49
feb2013-49-49, 49
feb2013-49-4, 49
feb2013-49-5, 49
feb2013-49-6, 49
feb2013-49-7, 49
feb2013-49-8, 49
feb2013-49-9, 49
feb2013-4-9, 49
feb2013-50-10, 49
feb2013-50-11, 49
feb2013-50-12, 49
feb2013-50-13, 49
feb2013-50-14, 49
feb2013-50-15, 49
feb2013-50-16, 49
feb2013-50-17, 49
feb2013-50-18, 49
feb2013-50-19, 49
feb2013-50-1, 49
feb2013-50-20, 49
feb2013-50-21, 49
feb2013-50-22, 49
feb2013-50-23, 49
feb2013-50-24, 49
feb2013-50-25, 49
feb2013-50-26, 49
feb2013-50-27, 49
feb2013-50-28, 49
feb2013-50-29, 49
feb2013-50-2, 49
feb2013-50-30, 49
feb2013-50-31, 49
feb2013-50-32, 49
feb2013-50-33, 49
feb2013-50-34, 49
feb2013-50-35, 49
feb2013-50-36, 49
feb2013-50-37, 49
feb2013-50-38, 49
feb2013-50-39, 49
feb2013-50-3, 49
feb2013-50-40, 49
feb2013-50-41, 49
feb2013-50-42, 49
feb2013-50-43, 49
feb2013-50-44, 49
feb2013-50-45, 49
feb2013-50-46, 49
feb2013-50-47, 49
feb2013-50-48, 49
feb2013-50-49, 49
feb2013-50-4, 49
feb2013-50-5, 49
feb2013-50-6, 49
feb2013-50-7, 49
feb2013-50-8, 49
feb2013-50-9, 49
feb2013-5-10, 49
feb2013-51-10, 49
feb2013-51-11, 49
feb2013-51-12, 49
feb2013-51-13, 49
feb2013-51-14, 49
feb2013-51-15, 49
feb2013-51-16, 49
feb2013-51-17, 49
feb2013-51-18, 49
feb2013-51-19, 49
feb2013-5-11, 49
feb2013-51-1, 49
feb2013-51-20, 49
feb2013-51-21, 49
feb2013-51-22, 49
feb2013-51-23, 49
feb2013-51-24, 49
feb2013-51-25, 49
feb2013-51-26, 49
feb2013-51-27, 49
feb2013-51-28, 49
feb2013-51-29, 49
feb2013-5-12, 49
feb2013-51-2, 49
feb2013-51-30, 49
feb2013-51-31, 49
feb2013-51-32, 49
feb2013-51-33, 49
feb2013-51-34, 49
feb2013-51-35, 49
feb2013-51-36, 49
feb2013-51-37, 49
feb2013-51-38, 49
feb2013-51-39, 49
feb2013-5-13, 49
feb2013-51-3, 49
feb2013-51-40, 49
feb2013-51-41, 49
feb2013-51-42, 49
feb2013-51-43, 49
feb2013-51-44, 49
feb2013-51-45, 49
feb2013-51-46, 49
feb2013-51-47, 49
feb2013-51-48, 49
feb2013-51-49, 49
feb2013-5-14, 49
feb2013-51-4, 49
feb2013-5-15, 49
feb2013-51-5, 49
feb2013-5-16, 49
feb2013-51-6, 49
feb2013-5-17, 49
feb2013-51-7, 49
feb2013-5-18, 49
feb2013-51-8, 49
feb2013-5-19, 49
feb2013-51-9, 49
feb2013-5-1, 49
feb2013-5-20, 49
feb2013-52-10, 49
feb2013-52-11, 49
feb2013-52-12, 49
feb2013-52-13, 49
feb2013-52-14, 49
feb2013-52-15, 49
feb2013-52-16, 49
feb2013-52-17, 49
feb2013-52-18, 49
feb2013-52-19, 49
feb2013-5-21, 49
feb2013-52-1, 49
feb2013-52-20, 49
feb2013-52-21, 49
feb2013-52-22, 49
feb2013-52-23, 49
feb2013-52-24, 49
feb2013-52-25, 49
feb2013-52-26, 49
feb2013-52-27, 49
feb2013-52-28, 49
feb2013-52-29, 49
feb2013-5-22, 49
feb2013-52-2, 49
feb2013-52-30, 49
feb2013-52-31, 49
feb2013-52-32, 49
feb2013-52-33, 49
feb2013-52-34, 49
feb2013-52-35, 49
feb2013-52-36, 49
feb2013-52-37, 49
feb2013-52-38, 49
feb2013-52-39, 49
feb2013-5-23, 49
feb2013-52-3, 49
feb2013-52-40, 49
feb2013-52-41, 49
feb2013-52-42, 49
feb2013-52-43, 49
feb2013-52-44, 49
feb2013-52-45, 49
feb2013-52-46, 49
feb2013-52-47, 49
feb2013-52-48, 49
feb2013-52-49, 49
feb2013-5-24, 49
feb2013-52-4, 49
feb2013-5-25, 49
feb2013-52-5, 49
feb2013-5-26, 49
feb2013-52-6, 49
feb2013-5-27, 49
feb2013-52-7, 49
feb2013-5-28, 49
feb2013-52-8, 49
feb2013-5-29, 49
feb2013-52-9, 49
feb2013-5-2, 49
feb2013-5-30, 49
feb2013-53-10, 49
feb2013-53-11, 49
feb2013-53-12, 49
feb2013-53-13, 49
feb2013-53-14, 49
feb2013-53-15, 49
feb2013-53-16, 49
feb2013-53-17, 49
feb2013-53-18, 49
feb2013-53-19, 49
feb2013-5-31, 49
feb2013-53-1, 49
feb2013-53-20, 49
feb2013-53-21, 49
feb2013-53-22, 49
feb2013-53-23, 49
feb2013-53-24, 49
feb2013-53-25, 49
feb2013-53-26, 49
feb2013-53-27, 49
feb2013-53-28, 49
feb2013-53-29, 49
feb2013-5-32, 49
feb2013-53-2, 49
feb2013-53-30, 49
feb2013-53-31, 49
feb2013-53-32, 49
feb2013-53-33, 49
feb2013-53-34, 49
feb2013-53-35, 49
feb2013-53-36, 49
feb2013-53-37, 49
feb2013-53-38, 49
feb2013-53-39, 49
feb2013-5-33, 49
feb2013-53-3, 49
feb2013-53-40, 49
feb2013-53-41, 49
feb2013-53-42, 49
feb2013-53-43, 49
feb2013-53-44, 49
feb2013-53-45, 49
feb2013-53-46, 49
feb2013-53-47, 49
feb2013-53-48, 49
feb2013-53-49, 49
feb2013-5-34, 49
feb2013-53-4, 49
feb2013-5-35, 49
feb2013-53-5, 49
feb2013-5-36, 49
feb2013-53-6, 49
feb2013-5-37, 49
feb2013-53-7, 49
feb2013-5-38, 49
feb2013-53-8, 49
feb2013-5-39, 49
feb2013-53-9, 49
feb2013-5-3, 49
feb2013-5-40, 49
feb2013-54-10, 49
feb2013-54-11, 49
feb2013-54-12, 49
feb2013-54-13, 49
feb2013-54-14, 49
feb2013-54-15, 49
feb2013-54-16, 49
feb2013-54-17, 49
feb2013-54-18, 49
feb2013-54-19, 49
feb2013-5-41, 49
feb2013-54-1, 49
feb2013-54-20, 49
feb2013-54-21, 49
feb2013-54-22, 49
feb2013-54-23, 49
feb2013-54-24, 49
feb2013-54-25, 49
feb2013-54-26, 49
feb2013-54-27, 49
feb2013-54-28, 49
feb2013-54-29, 49
feb2013-5-42, 49
feb2013-54-2, 49
feb2013-54-30, 49
feb2013-54-31, 49
feb2013-54-32, 49
feb2013-54-33, 49
feb2013-54-34, 49
feb2013-54-35, 49
feb2013-54-36, 49
feb2013-54-37, 49
feb2013-54-38, 49
feb2013-54-39, 49
feb2013-5-43, 49
feb2013-54-3, 49
feb2013-54-40, 49
feb2013-54-41, 49
feb2013-54-42, 49
feb2013-54-43, 49
feb2013-54-44, 49
feb2013-54-45, 49
feb2013-54-46, 49
feb2013-54-47, 49
feb2013-54-48, 49
feb2013-54-49, 49
feb2013-5-44, 49
feb2013-54-4, 49
feb2013-5-45, 49
feb2013-54-5, 49
feb2013-5-46, 49
feb2013-54-6, 49
feb2013-5-47, 49
feb2013-54-7, 49
feb2013-5-48, 49
feb2013-54-8, 49
feb2013-5-49, 49
feb2013-54-9, 49
feb2013-5-4, 49
feb2013-55-10, 49
feb2013-55-11, 49
feb2013-55-12, 49
feb2013-55-13, 49
feb2013-55-14, 49
feb2013-55-15, 49
feb2013-55-16, 49
feb2013-55-17, 49
feb2013-55-18, 49
feb2013-55-19, 49
feb2013-55-1, 49
feb2013-55-20, 49
feb2013-55-21, 49
feb2013-55-22, 49
feb2013-55-23, 49
feb2013-55-24, 49
feb2013-55-25, 49
feb2013-55-26, 49
feb2013-55-27, 49
feb2013-55-28, 49
feb2013-55-29, 49
feb2013-55-2, 49
feb2013-55-30, 49
feb2013-55-31, 49
feb2013-55-32, 49
feb2013-55-33, 49
feb2013-55-34, 49
feb2013-55-35, 49
feb2013-55-36, 49
feb2013-55-37, 49
feb2013-55-38, 49
feb2013-55-39, 49
feb2013-55-3, 49
feb2013-55-40, 49
feb2013-55-41, 49
feb2013-55-42, 49
feb2013-55-43, 49
feb2013-55-44, 49
feb2013-55-45, 49
feb2013-55-46, 49
feb2013-55-47, 49
feb2013-55-48, 49
feb2013-55-49, 49
feb2013-55-4, 49
feb2013-55-5, 49
feb2013-55-6, 49
feb2013-55-7, 49
feb2013-55-8, 49
feb2013-55-9, 49
feb2013-5-5, 49
feb2013-56-10, 49
feb2013-56-11, 49
feb2013-56-12, 49
feb2013-56-13, 49
feb2013-56-14, 49
feb2013-56-15, 49
feb2013-56-16, 49
feb2013-56-17, 49
feb2013-56-18, 49
feb2013-56-19, 49
feb2013-56-1, 49
feb2013-56-20, 49
feb2013-56-21, 49
feb2013-56-22, 49
feb2013-56-23, 49
feb2013-56-24, 49
feb2013-56-25, 49
feb2013-56-26, 49
feb2013-56-27, 49
feb2013-56-28, 49
feb2013-56-29, 49
feb2013-56-2, 49
feb2013-56-30, 49
feb2013-56-31, 49
feb2013-56-32, 49
feb2013-56-33, 49
feb2013-56-34, 49
feb2013-56-35, 49
feb2013-56-36, 49
feb2013-56-37, 49
feb2013-56-38, 49
feb2013-56-39, 49
feb2013-56-3, 49
feb2013-56-40, 49
feb2013-56-41, 49
feb2013-56-42, 49
feb2013-56-43, 49
feb2013-56-44, 49
feb2013-56-45, 49
feb2013-56-46, 49
feb2013-56-47, 49
feb2013-56-48, 49
feb2013-56-49, 49
feb2013-56-4, 49
feb2013-56-5, 49
feb2013-56-6, 49
feb2013-56-7, 49
feb2013-56-8, 49
feb2013-56-9, 49
feb2013-5-6, 49
feb2013-57-10, 49
feb2013-57-11, 49
feb2013-57-12, 49
feb2013-57-13, 49
feb2013-57-14, 49
feb2013-57-15, 49
feb2013-57-16, 49
feb2013-57-17, 49
feb2013-57-18, 49
feb2013-57-19, 49
feb2013-57-1, 49
feb2013-57-20, 49
feb2013-57-21, 49
feb2013-57-22, 49
feb2013-57-23, 49
feb2013-57-24, 49
feb2013-57-25, 49
feb2013-57-26, 49
feb2013-57-27, 49
feb2013-57-28, 49
feb2013-57-29, 49
feb2013-57-2, 49
feb2013-57-30, 49
feb2013-57-31, 49
feb2013-57-32, 49
feb2013-57-33, 49
feb2013-57-34, 49
feb2013-57-35, 49
feb2013-57-36, 49
feb2013-57-37, 49
feb2013-57-38, 49
feb2013-57-39, 49
feb2013-57-3, 49
feb2013-57-40, 49
feb2013-57-41, 49
feb2013-57-42, 49
feb2013-57-43, 49
feb2013-57-44, 49
feb2013-57-45, 49
feb2013-57-46, 49
feb2013-57-47, 49
feb2013-57-48, 49
feb2013-57-49, 49
feb2013-57-4, 49
feb2013-57-5, 49
feb2013-57-6, 49
feb2013-57-7, 49
feb2013-57-8, 49
feb2013-57-9, 49
feb2013-5-7, 49
feb2013-58-10, 49
feb2013-58-11, 49
feb2013-58-12, 49
feb2013-58-13, 49
feb2013-58-14, 49
feb2013-58-15, 49
feb2013-58-16, 49
feb2013-58-17, 49
feb2013-58-18, 49
feb2013-58-19, 49
feb2013-58-1, 49
feb2013-58-20, 49
feb2013-58-21, 49
feb2013-58-22, 49
feb2013-58-23, 49
feb2013-58-24, 49
feb2013-58-25, 49
feb2013-58-26, 49
feb2013-58-27, 49
feb2013-58-28, 49
feb2013-58-29, 49
feb2013-58-2, 49
feb2013-58-30, 49
feb2013-58-31, 49
feb2013-58-32, 49
feb2013-58-33, 49
feb2013-58-34, 49
feb2013-58-35, 49
feb2013-58-36, 49
feb2013-58-37, 49
feb2013-58-38, 49
feb2013-58-39, 49
feb2013-58-3, 49
feb2013-58-40, 49
feb2013-58-41, 49
feb2013-58-42, 49
feb2013-58-43, 49
feb2013-58-44, 49
feb2013-58-45, 49
feb2013-58-46, 49
feb2013-58-47, 49
feb2013-58-48, 49
feb2013-58-49, 49
feb2013-58-4, 49
feb2013-58-5, 49
feb2013-58-6, 49
feb2013-58-7, 49
feb2013-58-8, 49
feb2013-58-9, 49
feb2013-5-8, 49
feb2013-59-10, 49
feb2013-59-11, 49
feb2013-59-12, 49
feb2013-59-13, 49
feb2013-59-14, 49
feb2013-59-15, 49
feb2013-59-16, 49
feb2013-59-17, 49
feb2013-59-18, 49
feb2013-59-19, 49
feb2013-59-1, 49
feb2013-59-20, 49
feb2013-59-21, 49
feb2013-59-22, 49
feb2013-59-23, 49
feb2013-59-24, 49
feb2013-59-25, 49
feb2013-59-26, 49
feb2013-59-27, 49
feb2013-59-28, 49
feb2013-59-29, 49
feb2013-59-2, 49
feb2013-59-30, 49
feb2013-59-31, 49
feb2013-59-32, 49
feb2013-59-33, 49
feb2013-59-34, 49
feb2013-59-35, 49
feb2013-59-36, 49
feb2013-59-37, 49
feb2013-59-38, 49
feb2013-59-39, 49
feb2013-59-3, 49
feb2013-59-40, 49
feb2013-59-41, 49
feb2013-59-42, 49
feb2013-59-43, 49
feb2013-59-44, 49
feb2013-59-45, 49
feb2013-59-46, 49
feb2013-59-47, 49
feb2013-59-48, 49
feb2013-59-49, 49
feb2013-59-4, 49
feb2013-59-5, 49
feb2013-59-6, 49
feb2013-59-7, 49
feb2013-59-8, 49
feb2013-59-9, 49
feb2013-5-9, 49
feb2013-60-10, 49
feb2013-60-11, 49
feb2013-60-12, 49
feb2013-60-13, 49
feb2013-60-14, 49
feb2013-60-15, 49
feb2013-60-16, 49
feb2013-60-17, 49
feb2013-60-18, 49
feb2013-60-19, 49
feb2013-60-1, 49
feb2013-60-20, 49
feb2013-60-21, 49
feb2013-60-22, 49
feb2013-60-23, 49
feb2013-60-24, 49
feb2013-60-25, 49
feb2013-60-26, 49
feb2013-60-27, 49
feb2013-60-28, 49
feb2013-60-29, 49
feb2013-60-2, 49
feb2013-60-30, 49
feb2013-60-31, 49
feb2013-60-32, 49
feb2013-60-33, 49
feb2013-60-34, 49
feb2013-60-35, 49
feb2013-60-36, 49
feb2013-60-37, 49
feb2013-60-38, 49
feb2013-60-39, 49
feb2013-60-3, 49
feb2013-60-40, 49
feb2013-60-41, 49
feb2013-60-42, 49
feb2013-60-43, 49
feb2013-60-44, 49
feb2013-60-45, 49
feb2013-60-46, 49
feb2013-60-47, 49
feb2013-60-48, 49
feb2013-60-49, 49
feb2013-60-4, 49
feb2013-60-5, 49
feb2013-60-6, 49
feb2013-60-7, 49
feb2013-60-8, 49
feb2013-60-9, 49
feb2013-6-10, 49
feb2013-61-10, 49
feb2013-61-11, 49
feb2013-61-12, 49
feb2013-61-13, 49
feb2013-61-14, 49
feb2013-61-15, 49
feb2013-61-16, 49
feb2013-61-17, 49
feb2013-61-18, 49
feb2013-61-19, 49
feb2013-6-11, 49
feb2013-61-1, 49
feb2013-61-20, 49
feb2013-61-21, 49
feb2013-61-22, 49
feb2013-61-23, 49
feb2013-61-24, 49
feb2013-61-25, 49
feb2013-61-26, 49
feb2013-61-27, 49
feb2013-61-28, 49
feb2013-61-29, 49
feb2013-6-12, 49
feb2013-61-2, 49
feb2013-61-30, 49
feb2013-61-31, 49
feb2013-61-32, 49
feb2013-61-33, 49
feb2013-61-34, 49
feb2013-61-35, 49
feb2013-61-36, 49
feb2013-61-37, 49
feb2013-61-38, 49
feb2013-61-39, 49
feb2013-6-13, 49
feb2013-61-3, 49
feb2013-61-40, 49
feb2013-61-41, 49
feb2013-61-42, 49
feb2013-61-43, 49
feb2013-61-44, 49
feb2013-61-45, 49
feb2013-61-46, 49
feb2013-61-47, 49
feb2013-61-48, 49
feb2013-61-49, 49
feb2013-6-14, 49
feb2013-61-4, 49
feb2013-6-15, 49
feb2013-61-5, 49
feb2013-6-16, 49
feb2013-61-6, 49
feb2013-6-17, 49
feb2013-61-7, 49
feb2013-6-18, 49
feb2013-61-8, 49
feb2013-6-19, 49
feb2013-61-9, 49
feb2013-6-1, 49
feb2013-6-20, 49
feb2013-62-10, 49
feb2013-62-11, 49
feb2013-62-12, 49
feb2013-62-13, 49
feb2013-62-14, 49
feb2013-62-15, 49
feb2013-62-16, 49
feb2013-62-17, 49
feb2013-62-18, 49
feb2013-62-19, 49
feb2013-6-21, 49
feb2013-62-1, 49
feb2013-62-20, 49
feb2013-62-21, 49
feb2013-62-22, 49
feb2013-62-23, 49
feb2013-62-24, 49
feb2013-62-25, 49
feb2013-62-26, 49
feb2013-62-27, 49
feb2013-62-28, 49
feb2013-62-29, 49
feb2013-6-22, 49
feb2013-62-2, 49
feb2013-62-30, 49
feb2013-62-31, 49
feb2013-62-32, 49
feb2013-62-33, 49
feb2013-62-34, 49
feb2013-62-35, 49
feb2013-62-36, 49
feb2013-62-37, 49
feb2013-62-38, 49
feb2013-62-39, 49
feb2013-6-23, 49
feb2013-62-3, 49
feb2013-62-40, 49
feb2013-62-41, 49
feb2013-62-42, 49
feb2013-62-43, 49
feb2013-62-44, 49
feb2013-62-45, 49
feb2013-62-46, 49
feb2013-62-47, 49
feb2013-62-48, 49
feb2013-62-49, 49
feb2013-6-24, 49
feb2013-62-4, 49
feb2013-6-25, 49
feb2013-62-5, 49
feb2013-6-26, 49
feb2013-62-6, 49
feb2013-6-27, 49
feb2013-62-7, 49
feb2013-6-28, 49
feb2013-62-8, 49
feb2013-6-29, 49
feb2013-62-9, 49
feb2013-6-2, 49
feb2013-6-30, 49
feb2013-63-10, 49
feb2013-63-11, 49
feb2013-63-12, 49
feb2013-63-13, 49
feb2013-63-14, 49
feb2013-63-15, 49
feb2013-63-16, 49
feb2013-63-17, 49
feb2013-63-18, 49
feb2013-63-19, 49
feb2013-6-31, 49
feb2013-63-1, 49
feb2013-63-20, 49
feb2013-63-21, 49
feb2013-63-22, 49
feb2013-63-23, 49
feb2013-63-24, 49
feb2013-63-25, 49
feb2013-63-26, 49
feb2013-63-27, 49
feb2013-63-28, 49
feb2013-63-29, 49
feb2013-6-32, 49
feb2013-63-2, 49
feb2013-63-30, 49
feb2013-63-31, 49
feb2013-63-32, 49
feb2013-63-33, 49
feb2013-63-34, 49
feb2013-63-35, 49
feb2013-63-36, 49
feb2013-63-37, 49
feb2013-63-38, 49
feb2013-63-39, 49
feb2013-6-33, 49
feb2013-63-3, 49
feb2013-63-40, 49
feb2013-63-41, 49
feb2013-63-42, 49
feb2013-63-43, 49
feb2013-63-44, 49
feb2013-63-45, 49
feb2013-63-46, 49
feb2013-63-47, 49
feb2013-63-48, 49
feb2013-63-49, 49
feb2013-6-34, 49
feb2013-63-4, 49
feb2013-6-35, 49
feb2013-63-5, 49
feb2013-6-36, 49
feb2013-63-6, 49
feb2013-6-37, 49
feb2013-63-7, 49
feb2013-6-38, 49
feb2013-63-8, 49
feb2013-6-39, 49
feb2013-63-9, 49
feb2013-6-3, 49
feb2013-6-40, 49
feb2013-64-10, 49
feb2013-64-11, 49
feb2013-64-12, 49
feb2013-64-13, 49
feb2013-64-14, 49
feb2013-64-15, 49
feb2013-64-16, 49
feb2013-64-17, 49
feb2013-64-18, 49
feb2013-64-19, 49
feb2013-6-41, 49
feb2013-64-1, 49
feb2013-64-20, 49
feb2013-64-21, 49
feb2013-64-22, 49
feb2013-64-23, 49
feb2013-64-24, 49
feb2013-64-25, 49
feb2013-64-26, 49
feb2013-64-27, 49
feb2013-64-28, 49
feb2013-64-29, 49
feb2013-6-42, 49
feb2013-64-2, 49
feb2013-64-30, 49
feb2013-64-31, 49
feb2013-64-32, 49
feb2013-64-33, 49
feb2013-64-34, 49
feb2013-64-35, 49
feb2013-64-36, 49
feb2013-64-37, 49
feb2013-64-38, 49
feb2013-64-39, 49
feb2013-6-43, 49
feb2013-64-3, 49
feb2013-64-40, 49
feb2013-64-41, 49
feb2013-64-42, 49
feb2013-64-43, 49
feb2013-64-44, 49
feb2013-64-45, 49
feb2013-64-46, 49
feb2013-64-47, 49
feb2013-64-48, 49
feb2013-64-49, 49
feb2013-6-44, 49
feb2013-64-4, 49
feb2013-6-45, 49
feb2013-64-5, 49
feb2013-6-46, 49
feb2013-64-6, 49
feb2013-6-47, 49
feb2013-64-7, 49
feb2013-6-48, 49
feb2013-64-8, 49
feb2013-6-49, 49
feb2013-64-9, 49
feb2013-6-4, 49
feb2013-65-10, 49
feb2013-65-11, 49
feb2013-65-12, 49
feb2013-65-13, 49
feb2013-65-14, 49
feb2013-65-15, 49
feb2013-65-16, 49
feb2013-65-17, 49
feb2013-65-18, 49
feb2013-65-19, 49
feb2013-65-1, 49
feb2013-65-20, 49
feb2013-65-21, 49
feb2013-65-22, 49
feb2013-65-23, 49
feb2013-65-24, 49
feb2013-65-25, 49
feb2013-65-26, 49
feb2013-65-27, 49
feb2013-65-28, 49
feb2013-65-29, 49
feb2013-65-2, 49
feb2013-65-30, 49
feb2013-65-31, 49
feb2013-65-32, 49
feb2013-65-33, 49
feb2013-65-34, 49
feb2013-65-35, 49
feb2013-65-36, 49
feb2013-65-37, 49
feb2013-65-38, 49
feb2013-65-39, 49
feb2013-65-3, 49
feb2013-65-40, 49
feb2013-65-41, 49
feb2013-65-42, 49
feb2013-65-43, 49
feb2013-65-44, 49
feb2013-65-45, 49
feb2013-65-46, 49
feb2013-65-47, 49
feb2013-65-48, 49
feb2013-65-49, 49
feb2013-65-4, 49
feb2013-65-5, 49
feb2013-65-6, 49
feb2013-65-7, 49
feb2013-65-8, 49
feb2013-65-9, 49
feb2013-6-5, 49
feb2013-66-10, 49
feb2013-66-11, 49
feb2013-66-12, 49
feb2013-66-13, 49
feb2013-66-14, 49
feb2013-66-15, 49
feb2013-66-16, 49
feb2013-66-17, 49
feb2013-66-18, 49
feb2013-66-19, 49
feb2013-66-1, 49
feb2013-66-20, 49
feb2013-66-21, 49
feb2013-66-22, 49
feb2013-66-23, 49
feb2013-66-24, 49
feb2013-66-25, 49
feb2013-66-26, 49
feb2013-66-27, 49
feb2013-66-28, 49
feb2013-66-29, 49
feb2013-66-2, 49
feb2013-66-30, 49
feb2013-66-31, 49
feb2013-66-32, 49
feb2013-66-33, 49
feb2013-66-34, 49
feb2013-66-35, 49
feb2013-66-36, 49
feb2013-66-37, 49
feb2013-66-38, 49
feb2013-66-39, 49
feb2013-66-3, 49
feb2013-66-40, 49
feb2013-66-41, 49
feb2013-66-42, 49
feb2013-66-43, 49
feb2013-66-44, 49
feb2013-66-45, 49
feb2013-66-46, 49
feb2013-66-47, 49
feb2013-66-48, 49
feb2013-66-49, 49
feb2013-66-4, 49
feb2013-66-5, 49
feb2013-66-6, 49
feb2013-66-7, 49
feb2013-66-8, 49
feb2013-66-9, 49
feb2013-6-6, 49
feb2013-67-10, 49
feb2013-67-11, 49
feb2013-67-12, 49
feb2013-67-13, 49
feb2013-67-14, 49
feb2013-67-15, 49
feb2013-67-16, 49
feb2013-67-17, 49
feb2013-67-18, 49
feb2013-67-19, 49
feb2013-67-1, 49
feb2013-67-20, 49
feb2013-67-21, 49
feb2013-67-22, 49
feb2013-67-23, 49
feb2013-67-24, 49
feb2013-67-25, 49
feb2013-67-26, 49
feb2013-67-27, 49
feb2013-67-28, 49
feb2013-67-29, 49
feb2013-67-2, 49
feb2013-67-30, 49
feb2013-67-31, 49
feb2013-67-32, 49
feb2013-67-33, 49
feb2013-67-34, 49
feb2013-67-35, 49
feb2013-67-36, 49
feb2013-67-37, 49
feb2013-67-38, 49
feb2013-67-39, 49
feb2013-67-3, 49
feb2013-67-40, 49
feb2013-67-41, 49
feb2013-67-42, 49
feb2013-67-43, 49
feb2013-67-44, 49
feb2013-67-45, 49
feb2013-67-46, 49
feb2013-67-47, 49
feb2013-67-48, 49
feb2013-67-49, 49
feb2013-67-4, 49
feb2013-67-5, 49
feb2013-67-6, 49
feb2013-67-7, 49
feb2013-67-8, 49
feb2013-67-9, 49
feb2013-6-7, 49
feb2013-68-10, 49
feb2013-68-11, 49
feb2013-68-12, 49
feb2013-68-13, 49
feb2013-68-14, 49
feb2013-68-15, 49
feb2013-68-16, 49
feb2013-68-17, 49
feb2013-68-18, 49
feb2013-68-19, 49
feb2013-68-1, 49
feb2013-68-20, 49
feb2013-68-21, 49
feb2013-68-22, 49
feb2013-68-23, 49
feb2013-68-24, 49
feb2013-68-25, 49
feb2013-68-26, 49
feb2013-68-27, 49
feb2013-68-28, 49
feb2013-68-29, 49
feb2013-68-2, 49
feb2013-68-30, 49
feb2013-68-31, 49
feb2013-68-32, 49
feb2013-68-33, 49
feb2013-68-34, 49
feb2013-68-35, 49
feb2013-68-36, 49
feb2013-68-37, 49
feb2013-68-38, 49
feb2013-68-39, 49
feb2013-68-3, 49
feb2013-68-40, 49
feb2013-68-41, 49
feb2013-68-42, 49
feb2013-68-43, 49
feb2013-68-44, 49
feb2013-68-45, 49
feb2013-68-46, 49
feb2013-68-47, 49
feb2013-68-48, 49
feb2013-68-49, 49
feb2013-68-4, 49
feb2013-68-5, 49
feb2013-68-6, 49
feb2013-68-7, 49
feb2013-68-8, 49
feb2013-68-9, 49
feb2013-6-8, 49
feb2013-69-10, 49
feb2013-69-11, 49
feb2013-69-12, 49
feb2013-69-13, 49
feb2013-69-14, 49
feb2013-69-15, 49
feb2013-69-16, 49
feb2013-69-17, 49
feb2013-69-18, 49
feb2013-69-19, 49
feb2013-69-1, 49
feb2013-69-20, 49
feb2013-69-21, 49
feb2013-69-22, 49
feb2013-69-23, 49
feb2013-69-24, 49
feb2013-69-25, 49
feb2013-69-26, 49
feb2013-69-27, 49
feb2013-69-28, 49
feb2013-69-29, 49
feb2013-69-2, 49
feb2013-69-30, 49
feb2013-69-31, 49
feb2013-69-32, 49
feb2013-69-33, 49
feb2013-69-34, 49
feb2013-69-35, 49
feb2013-69-36, 49
feb2013-69-37, 49
feb2013-69-38, 49
feb2013-69-39, 49
feb2013-69-3, 49
feb2013-69-40, 49
feb2013-69-41, 49
feb2013-69-42, 49
feb2013-69-43, 49
feb2013-69-44, 49
feb2013-69-45, 49
feb2013-69-46, 49
feb2013-69-47, 49
feb2013-69-48, 49
feb2013-69-49, 49
feb2013-69-4, 49
feb2013-69-5, 49
feb2013-69-6, 49
feb2013-69-7, 49
feb2013-69-8, 49
feb2013-69-9, 49
feb2013-6-9, 49
feb2013-70-10, 49
feb2013-70-11, 49
feb2013-70-12, 49
feb2013-70-13, 49
feb2013-70-14, 49
feb2013-70-15, 49
feb2013-70-16, 49
feb2013-70-17, 49
feb2013-70-18, 49
feb2013-70-19, 49
feb2013-70-1, 49
feb2013-70-20, 49
feb2013-70-21, 49
feb2013-70-22, 49
feb2013-70-23, 49
feb2013-70-24, 49
feb2013-70-25, 49
feb2013-70-26, 49
feb2013-70-27, 49
feb2013-70-28, 49
feb2013-70-29, 49
feb2013-70-2, 49
feb2013-70-30, 49
feb2013-70-31, 49
feb2013-70-32, 49
feb2013-70-33, 49
feb2013-70-34, 49
feb2013-70-35, 49
feb2013-70-36, 49
feb2013-70-37, 49
feb2013-70-38, 49
feb2013-70-39, 49
feb2013-70-3, 49
feb2013-70-40, 49
feb2013-70-41, 49
feb2013-70-42, 49
feb2013-70-43, 49
feb2013-70-44, 49
feb2013-70-45, 49
feb2013-70-46, 49
feb2013-70-47, 49
feb2013-70-48, 49
feb2013-70-49, 49
feb2013-70-4, 49
feb2013-70-5, 49
feb2013-70-6, 49
feb2013-70-7, 49
feb2013-70-8, 49
feb2013-70-9, 49
feb2013-7-10, 49
feb2013-71-10, 49
feb2013-71-11, 49
feb2013-71-12, 49
feb2013-71-13, 49
feb2013-71-14, 49
feb2013-71-15, 49
feb2013-71-16, 49
feb2013-71-17, 49
feb2013-71-18, 49
feb2013-71-19, 49
feb2013-7-11, 49
feb2013-71-1, 49
feb2013-71-20, 49
feb2013-71-21, 49
feb2013-71-22, 49
feb2013-71-23, 49
feb2013-71-24, 49
feb2013-71-25, 49
feb2013-71-26, 49
feb2013-71-27, 49
feb2013-71-28, 49
feb2013-71-29, 49
feb2013-7-12, 49
feb2013-71-2, 49
feb2013-71-30, 49
feb2013-71-31, 49
feb2013-71-32, 49
feb2013-71-33, 49
feb2013-71-34, 49
feb2013-71-35, 49
feb2013-71-36, 49
feb2013-71-37, 49
feb2013-71-38, 49
feb2013-71-39, 49
feb2013-7-13, 49
feb2013-71-3, 49
feb2013-71-40, 49
feb2013-71-41, 49
feb2013-71-42, 49
feb2013-71-43, 49
feb2013-71-44, 49
feb2013-71-45, 49
feb2013-71-46, 49
feb2013-71-47, 49
feb2013-71-48, 49
feb2013-71-49, 49
feb2013-7-14, 49
feb2013-71-4, 49
feb2013-7-15, 49
feb2013-71-5, 49
feb2013-7-16, 49
feb2013-71-6, 49
feb2013-7-17, 49
feb2013-71-7, 49
feb2013-7-18, 49
feb2013-71-8, 49
feb2013-7-19, 49
feb2013-71-9, 49
feb2013-7-1, 49
feb2013-7-20, 49
feb2013-72-10, 49
feb2013-72-11, 49
feb2013-72-12, 49
feb2013-72-13, 49
feb2013-72-14, 49
feb2013-72-15, 49
feb2013-72-16, 49
feb2013-72-17, 49
feb2013-72-18, 49
feb2013-72-19, 49
feb2013-7-21, 49
feb2013-72-1, 49
feb2013-72-20, 49
feb2013-72-21, 49
feb2013-72-22, 49
feb2013-72-23, 49
feb2013-72-24, 49
feb2013-72-25, 49
feb2013-72-26, 49
feb2013-72-27, 49
feb2013-72-28, 49
feb2013-72-29, 49
feb2013-7-22, 49
feb2013-72-2, 49
feb2013-72-30, 49
feb2013-72-31, 49
feb2013-72-32, 49
feb2013-72-33, 49
feb2013-72-34, 49
feb2013-72-35, 49
feb2013-72-36, 49
feb2013-72-37, 49
feb2013-72-38, 49
feb2013-72-39, 49
feb2013-7-23, 49
feb2013-72-3, 49
feb2013-72-40, 49
feb2013-72-41, 49
feb2013-72-42, 49
feb2013-72-43, 49
feb2013-72-44, 49
feb2013-72-45, 49
feb2013-72-46, 49
feb2013-72-47, 49
feb2013-72-48, 49
feb2013-72-49, 49
feb2013-7-24, 49
feb2013-72-4, 49
feb2013-7-25, 49
feb2013-72-5, 49
feb2013-7-26, 49
feb2013-72-6, 49
feb2013-7-27, 49
feb2013-72-7, 49
feb2013-7-28, 49
feb2013-72-8, 49
feb2013-7-29, 49
feb2013-72-9, 49
feb2013-7-2, 49
feb2013-7-30, 49
feb2013-73-10, 49
feb2013-73-11, 49
feb2013-73-12, 49
feb2013-73-13, 49
feb2013-73-14, 49
feb2013-73-15, 49
feb2013-73-16, 49
feb2013-73-17, 49
feb2013-73-18, 49
feb2013-73-19, 49
feb2013-7-31, 49
feb2013-73-1, 49
feb2013-73-20, 49
feb2013-73-21, 49
feb2013-73-22, 49
feb2013-73-23, 49
feb2013-73-24, 49
feb2013-73-25, 49
feb2013-73-26, 49
feb2013-73-27, 49
feb2013-73-28, 49
feb2013-73-29, 49
feb2013-7-32, 49
feb2013-73-2, 49
feb2013-73-30, 49
feb2013-73-31, 49
feb2013-73-32, 49
feb2013-73-33, 49
feb2013-73-34, 49
feb2013-73-35, 49
feb2013-73-36, 49
feb2013-73-37, 49
feb2013-73-38, 49
feb2013-73-39, 49
feb2013-7-33, 49
feb2013-73-3, 49
feb2013-73-40, 49
feb2013-73-41, 49
feb2013-73-42, 49
feb2013-73-43, 49
feb2013-73-44, 49
feb2013-73-45, 49
feb2013-73-46, 49
feb2013-73-47, 49
feb2013-73-48, 49
feb2013-73-49, 49
feb2013-7-34, 49
feb2013-73-4, 49
feb2013-7-35, 49
feb2013-73-5, 49
feb2013-7-36, 49
feb2013-73-6, 49
feb2013-7-37, 49
feb2013-73-7, 49
feb2013-7-38, 49
feb2013-73-8, 49
feb2013-7-39, 49
feb2013-73-9, 49
feb2013-7-3, 49
feb2013-7-40, 49
feb2013-74-10, 49
feb2013-74-11, 49
feb2013-74-12, 49
feb2013-74-13, 49
feb2013-74-14, 49
feb2013-74-15, 49
feb2013-74-16, 49
feb2013-74-17, 49
feb2013-74-18, 49
feb2013-74-19, 49
feb2013-7-41, 49
feb2013-74-1, 49
feb2013-74-20, 49
feb2013-74-21, 49
feb2013-74-22, 49
feb2013-74-23, 49
feb2013-74-24, 49
feb2013-74-25, 49
feb2013-74-26, 49
feb2013-74-27, 49
feb2013-74-28, 49
feb2013-74-29, 49
feb2013-7-42, 49
feb2013-74-2, 49
feb2013-74-30, 49
feb2013-74-31, 49
feb2013-74-32, 49
feb2013-74-33, 49
feb2013-74-34, 49
feb2013-74-35, 49
feb2013-74-36, 49
feb2013-74-37, 49
feb2013-74-38, 49
feb2013-74-39, 49
feb2013-7-43, 49
feb2013-74-3, 49
feb2013-74-40, 49
feb2013-74-41, 49
feb2013-74-42, 49
feb2013-74-43, 49
feb2013-74-44, 49
feb2013-74-45, 49
feb2013-74-46, 49
feb2013-74-47, 49
feb2013-74-48, 49
feb2013-74-49, 49
feb2013-7-44, 49
feb2013-74-4, 49
feb2013-7-45, 49
feb2013-74-5, 49
feb2013-7-46, 49
feb2013-74-6, 49
feb2013-7-47, 49
feb2013-74-7, 49
feb2013-7-48, 49
feb2013-74-8, 49
feb2013-7-49, 49
feb2013-74-9, 49
feb2013-7-4, 49
feb2013-75-10, 49
feb2013-75-11, 49
feb2013-75-12, 49
feb2013-75-13, 49
feb2013-75-14, 49
feb2013-75-15, 49
feb2013-75-16, 49
feb2013-75-17, 49
feb2013-75-18, 49
feb2013-75-19, 49
feb2013-75-1, 49
feb2013-75-20, 49
feb2013-75-21, 49
feb2013-75-22, 49
feb2013-75-23, 49
feb2013-75-24, 49
feb2013-75-25, 49
feb2013-75-26, 49
feb2013-75-27, 49
feb2013-75-28, 49
feb2013-75-29, 49
feb2013-75-2, 49
feb2013-75-30, 49
feb2013-75-31, 49
feb2013-75-32, 49
feb2013-75-33, 49
feb2013-75-34, 49
feb2013-75-35, 49
feb2013-75-36, 49
feb2013-75-37, 49
feb2013-75-38, 49
feb2013-75-39, 49
feb2013-75-3, 49
feb2013-75-40, 49
feb2013-75-41, 49
feb2013-75-42, 49
feb2013-75-43, 49
feb2013-75-44, 49
feb2013-75-45, 49
feb2013-75-46, 49
feb2013-75-47, 49
feb2013-75-48, 49
feb2013-75-49, 49
feb2013-75-4, 49
feb2013-75-5, 49
feb2013-75-6, 49
feb2013-75-7, 49
feb2013-75-8, 49
feb2013-75-9, 49
feb2013-7-5, 49
feb2013-76-10, 49
feb2013-76-11, 49
feb2013-76-12, 49
feb2013-76-13, 49
feb2013-76-14, 49
feb2013-76-15, 49
feb2013-76-16, 49
feb2013-76-17, 49
feb2013-76-18, 49
feb2013-76-19, 49
feb2013-76-1, 49
feb2013-76-20, 49
feb2013-76-21, 49
feb2013-76-22, 49
feb2013-76-23, 49
feb2013-76-24, 49
feb2013-76-25, 49
feb2013-76-26, 49
feb2013-76-27, 49
feb2013-76-28, 49
feb2013-76-29, 49
feb2013-76-2, 49
feb2013-76-30, 49
feb2013-76-31, 49
feb2013-76-32, 49
feb2013-76-33, 49
feb2013-76-34, 49
feb2013-76-35, 49
feb2013-76-36, 49
feb2013-76-37, 49
feb2013-76-38, 49
feb2013-76-39, 49
feb2013-76-3, 49
feb2013-76-40, 49
feb2013-76-41, 49
feb2013-76-42, 49
feb2013-76-43, 49
feb2013-76-44, 49
feb2013-76-45, 49
feb2013-76-46, 49
feb2013-76-47, 49
feb2013-76-48, 49
feb2013-76-49, 49
feb2013-76-4, 49
feb2013-76-5, 49
feb2013-76-6, 49
feb2013-76-7, 49
feb2013-76-8, 49
feb2013-76-9, 49
feb2013-7-6, 49
feb2013-77-10, 49
feb2013-77-11, 49
feb2013-77-12, 49
feb2013-77-13, 49
feb2013-77-14, 49
feb2013-77-15, 49
feb2013-77-16, 49
feb2013-77-17, 49
feb2013-77-18, 49
feb2013-77-19, 49
feb2013-77-1, 49
feb2013-77-20, 49
feb2013-77-21, 49
feb2013-77-22, 49
feb2013-77-23, 49
feb2013-77-24, 49
feb2013-77-25, 49
feb2013-77-26, 49
feb2013-77-27, 49
feb2013-77-28, 49
feb2013-77-29, 49
feb2013-77-2, 49
feb2013-77-30, 49
feb2013-77-31, 49
feb2013-77-32, 49
feb2013-77-33, 49
feb2013-77-34, 49
feb2013-77-35, 49
feb2013-77-36, 49
feb2013-77-37, 49
feb2013-77-38, 49
feb2013-77-39, 49
feb2013-77-3, 49
feb2013-77-40, 49
feb2013-77-41, 49
feb2013-77-42, 49
feb2013-77-43, 49
feb2013-77-44, 49
feb2013-77-45, 49
feb2013-77-46, 49
feb2013-77-47, 49
feb2013-77-48, 49
feb2013-77-49, 49
feb2013-77-4, 49
feb2013-77-5, 49
feb2013-77-6, 49
feb2013-77-7, 49
feb2013-77-8, 49
feb2013-77-9, 49
feb2013-7-7, 49
feb2013-7-8, 49
feb2013-79-10, 49
feb2013-79-11, 49
feb2013-79-12, 49
feb2013-79-13, 49
feb2013-79-14, 49
feb2013-79-15, 49
feb2013-79-16, 49
feb2013-79-17, 49
feb2013-79-18, 49
feb2013-79-19, 49
feb2013-79-1, 49
feb2013-79-20, 49
feb2013-79-21, 49
feb2013-79-22, 49
feb2013-79-23, 49
feb2013-79-24, 49
feb2013-79-25, 49
feb2013-79-26, 49
feb2013-79-27, 49
feb2013-79-28, 49
feb2013-79-29, 49
feb2013-79-2, 49
feb2013-79-30, 49
feb2013-79-31, 49
feb2013-79-32, 49
feb2013-79-33, 49
feb2013-79-34, 49
feb2013-79-35, 49
feb2013-79-36, 49
feb2013-79-37, 49
feb2013-79-38, 49
feb2013-79-39, 49
feb2013-79-3, 49
feb2013-79-40, 49
feb2013-79-41, 49
feb2013-79-42, 49
feb2013-79-43, 49
feb2013-79-44, 49
feb2013-79-45, 49
feb2013-79-46, 49
feb2013-79-47, 49
feb2013-79-48, 49
feb2013-79-49, 49
feb2013-79-4, 49
feb2013-79-5, 49
feb2013-79-6, 49
feb2013-79-7, 49
feb2013-79-8, 49
feb2013-79-9, 49
feb2013-7-9, 49
feb2013-80-10, 49
feb2013-80-11, 49
feb2013-80-12, 49
feb2013-80-13, 49
feb2013-80-14, 49
feb2013-80-15, 49
feb2013-80-16, 49
feb2013-80-17, 49
feb2013-80-18, 49
feb2013-80-19, 49
feb2013-80-1, 49
feb2013-80-20, 49
feb2013-80-21, 49
feb2013-80-22, 49
feb2013-80-23, 49
feb2013-80-24, 49
feb2013-80-25, 49
feb2013-80-26, 49
feb2013-80-27, 49
feb2013-80-28, 49
feb2013-80-29, 49
feb2013-80-2, 49
feb2013-80-30, 49
feb2013-80-31, 49
feb2013-80-32, 49
feb2013-80-33, 49
feb2013-80-34, 49
feb2013-80-35, 49
feb2013-80-36, 49
feb2013-80-37, 49
feb2013-80-38, 49
feb2013-80-39, 49
feb2013-80-3, 49
feb2013-80-40, 49
feb2013-80-41, 49
feb2013-80-42, 49
feb2013-80-43, 49
feb2013-80-44, 49
feb2013-80-45, 49
feb2013-80-46, 49
feb2013-80-47, 49
feb2013-80-48, 49
feb2013-80-49, 49
feb2013-80-4, 49
feb2013-80-5, 49
feb2013-80-6, 49
feb2013-80-7, 49
feb2013-80-8, 49
feb2013-80-9, 49
feb2013-8-10, 49
feb2013-81-10, 49
feb2013-81-11, 49
feb2013-81-12, 49
feb2013-81-13, 49
feb2013-81-14, 49
feb2013-81-15, 49
feb2013-81-16, 49
feb2013-81-17, 49
feb2013-81-18, 49
feb2013-81-19, 49
feb2013-8-11, 49
feb2013-81-1, 49
feb2013-81-20, 49
feb2013-81-21, 49
feb2013-81-22, 49
feb2013-81-23, 49
feb2013-81-24, 49
feb2013-81-25, 49
feb2013-81-26, 49
feb2013-81-27, 49
feb2013-81-28, 49
feb2013-81-29, 49
feb2013-8-12, 49
feb2013-81-2, 49
feb2013-81-30, 49
feb2013-81-31, 49
feb2013-81-32, 49
feb2013-81-33, 49
feb2013-81-34, 49
feb2013-81-35, 49
feb2013-81-36, 49
feb2013-81-37, 49
feb2013-81-38, 49
feb2013-81-39, 49
feb2013-8-13, 49
feb2013-81-3, 49
feb2013-81-40, 49
feb2013-81-41, 49
feb2013-81-42, 49
feb2013-81-43, 49
feb2013-81-44, 49
feb2013-81-45, 49
feb2013-81-46, 49
feb2013-81-47, 49
feb2013-81-48, 49
feb2013-81-49, 49
feb2013-8-14, 49
feb2013-81-4, 49
feb2013-8-15, 49
feb2013-81-5, 49
feb2013-8-16, 49
feb2013-81-6, 49
feb2013-8-17, 49
feb2013-81-7, 49
feb2013-8-18, 49
feb2013-81-8, 49
feb2013-8-19, 49
feb2013-81-9, 49
feb2013-8-1, 49
feb2013-8-20, 49
feb2013-82-10, 49
feb2013-82-11, 49
feb2013-82-12, 49
feb2013-82-13, 49
feb2013-82-14, 49
feb2013-82-15, 49
feb2013-82-16, 49
feb2013-82-17, 49
feb2013-82-18, 49
feb2013-82-19, 49
feb2013-8-21, 49
feb2013-82-1, 49
feb2013-82-20, 49
feb2013-82-21, 49
feb2013-82-22, 49
feb2013-82-23, 49
feb2013-82-24, 49
feb2013-82-25, 49
feb2013-82-26, 49
feb2013-82-27, 49
feb2013-82-28, 49
feb2013-82-29, 49
feb2013-8-22, 49
feb2013-82-2, 49
feb2013-82-30, 49
feb2013-82-31, 49
feb2013-82-32, 49
feb2013-82-33, 49
feb2013-82-34, 49
feb2013-82-35, 49
feb2013-82-36, 49
feb2013-82-37, 49
feb2013-82-38, 49
feb2013-82-39, 49
feb2013-8-23, 49
feb2013-82-3, 49
feb2013-82-40, 49
feb2013-82-41, 49
feb2013-82-42, 49
feb2013-82-43, 49
feb2013-82-44, 49
feb2013-82-45, 49
feb2013-82-46, 49
feb2013-82-47, 49
feb2013-82-48, 49
feb2013-82-49, 49
feb2013-8-24, 49
feb2013-82-4, 49
feb2013-8-25, 49
feb2013-82-5, 49
feb2013-8-26, 49
feb2013-82-6, 49
feb2013-8-27, 49
feb2013-82-7, 49
feb2013-8-28, 49
feb2013-82-8, 49
feb2013-8-29, 49
feb2013-82-9, 49
feb2013-8-2, 49
feb2013-8-30, 49
feb2013-83-10, 49
feb2013-83-11, 49
feb2013-83-12, 49
feb2013-83-13, 49
feb2013-83-14, 49
feb2013-83-15, 49
feb2013-83-16, 49
feb2013-83-17, 49
feb2013-83-18, 49
feb2013-83-19, 49
feb2013-8-31, 49
feb2013-83-1, 49
feb2013-83-20, 49
feb2013-83-21, 49
feb2013-83-22, 49
feb2013-83-23, 49
feb2013-83-24, 49
feb2013-83-25, 49
feb2013-83-26, 49
feb2013-83-27, 49
feb2013-83-28, 49
feb2013-83-29, 49
feb2013-8-32, 49
feb2013-83-2, 49
feb2013-83-30, 49
feb2013-83-31, 49
feb2013-83-32, 49
feb2013-83-33, 49
feb2013-83-34, 49
feb2013-83-35, 49
feb2013-83-36, 49
feb2013-83-37, 49
feb2013-83-38, 49
feb2013-83-39, 49
feb2013-8-33, 49
feb2013-83-3, 49
feb2013-83-40, 49
feb2013-83-41, 49
feb2013-83-42, 49
feb2013-83-43, 49
feb2013-83-44, 49
feb2013-83-45, 49
feb2013-83-46, 49
feb2013-83-47, 49
feb2013-83-48, 49
feb2013-83-49, 49
feb2013-8-34, 49
feb2013-83-4, 49
feb2013-8-35, 49
feb2013-83-5, 49
feb2013-8-36, 49
feb2013-83-6, 49
feb2013-8-37, 49
feb2013-83-7, 49
feb2013-8-38, 49
feb2013-83-8, 49
feb2013-8-39, 49
feb2013-83-9, 49
feb2013-8-3, 49
feb2013-8-40, 49
feb2013-84-10, 49
feb2013-84-11, 49
feb2013-84-12, 49
feb2013-84-13, 49
feb2013-84-14, 49
feb2013-84-15, 49
feb2013-84-16, 49
feb2013-84-17, 49
feb2013-84-18, 49
feb2013-84-19, 49
feb2013-8-41, 49
feb2013-84-1, 49
feb2013-84-20, 49
feb2013-84-21, 49
feb2013-84-22, 49
feb2013-84-23, 49
feb2013-84-24, 49
feb2013-84-25, 49
feb2013-84-26, 49
feb2013-84-27, 49
feb2013-84-28, 49
feb2013-84-29, 49
feb2013-8-42, 49
feb2013-84-2, 49
feb2013-84-30, 49
feb2013-84-31, 49
feb2013-84-32, 49
feb2013-84-33, 49
feb2013-84-34, 49
feb2013-84-35, 49
feb2013-84-36, 49
feb2013-84-37, 49
feb2013-84-38, 49
feb2013-84-39, 49
feb2013-8-43, 49
feb2013-84-3, 49
feb2013-84-40, 49
feb2013-84-41, 49
feb2013-84-42, 49
feb2013-84-43, 49
feb2013-84-44, 49
feb2013-84-45, 49
feb2013-84-46, 49
feb2013-84-47, 49
feb2013-84-48, 49
feb2013-84-49, 49
feb2013-8-44, 49
feb2013-84-4, 49
feb2013-8-45, 49
feb2013-84-5, 49
feb2013-8-46, 49
feb2013-84-6, 49
feb2013-8-47, 49
feb2013-84-7, 49
feb2013-8-48, 49
feb2013-84-8, 49
feb2013-8-49, 49
feb2013-84-9, 49
feb2013-8-4, 49
feb2013-8-5, 49
feb2013-8-6, 49
feb2013-8-7, 49
feb2013-8-8, 49
feb2013-8-9, 49
feb2013-9-10, 49
feb2013-9-11, 49
feb2013-9-12, 49
feb2013-9-13, 49
feb2013-9-14, 49
feb2013-9-15, 49
feb2013-9-16, 49
feb2013-9-17, 49
feb2013-9-18, 49
feb2013-9-19, 49
feb2013-9-1, 49
feb2013-9-20, 49
feb2013-9-21, 49
feb2013-9-22, 49
feb2013-9-23, 49
feb2013-9-24, 49
feb2013-9-25, 49
feb2013-9-26, 49
feb2013-9-27, 49
feb2013-9-28, 49
feb2013-9-29, 49
feb2013-9-2, 49
feb2013-9-30, 49
feb2013-9-31, 49
feb2013-9-32, 49
feb2013-9-33, 49
feb2013-9-34, 49
feb2013-9-35, 49
feb2013-9-36, 49
feb2013-9-37, 49
feb2013-9-38, 49
feb2013-9-39, 49
feb2013-9-3, 49
feb2013-9-40, 49
feb2013-9-41, 49
feb2013-9-42, 49
feb2013-9-43, 49
feb2013-9-44, 49
feb2013-9-45, 49
feb2013-9-46, 49
feb2013-9-47, 49
feb2013-9-48, 49
feb2013-9-49, 49
feb2013-9-4, 49
feb2013-9-5, 49
feb2013-9-6, 49
feb2013-9-7, 49
feb2013-9-8, 49
feb2013-9-9, 49
